project,bug_id,tests,buggy_result,buggy_fails,fixed_result,fixed_fails,verdict,lines,covered_lines,line_cov,branches,covered_branches,branch_cov
Chart,1,18,NOT_RUN,,NOT_RUN,,NOT_AVAILABLE,,,,,,
Chart,10,5,PASS,0,FAIL,2,INCONCLUSIVE,3,3,100.0,0,0,
Chart,11,13,FAIL,2,PASS,0,REVEALING,197,180,91.37,116,88,75.86
Chart,12,9,PASS,0,PASS,0,NOT_REVEALING,190,177,93.16,84,72,85.71
Chart,13,11,PASS,0,PASS,0,NOT_REVEALING,229,221,96.51,120,85,70.83
Chart,14,20,NOT_RUN,,NOT_RUN,,NOT_AVAILABLE,,,,,,
Chart,15,20,FAIL,1,FAIL,1,INCONCLUSIVE,836,654,78.23,312,174,55.77
Chart,16,13,NOT_RUN,,NOT_RUN,,NOT_AVAILABLE,,,,,,
Chart,17,16,PASS,0,PASS,0,NOT_REVEALING,288,256,88.89,128,106,82.81
Chart,18,17,FAIL,1,FAIL,1,INCONCLUSIVE,266,121,45.49,122,49,40.16
Chart,19,17,NOT_RUN,,NOT_RUN,,NOT_AVAILABLE,,,,,,
Chart,2,44,NOT_RUN,,NOT_RUN,,NOT_AVAILABLE,,,,,,
Chart,20,5,FAIL,1,PASS,0,REVEALING,22,21,95.45,8,7,87.5
Chart,21,6,FAIL,1,FAIL,1,INCONCLUSIVE,161,161,100.0,60,37,61.67
Chart,22,12,FAIL,1,FAIL,2,INCONCLUSIVE,124,117,94.35,58,47,81.03
Chart,23,14,NOT_RUN,,NOT_RUN,,NOT_AVAILABLE,,,,,,
Chart,24,14,FAIL,2,FAIL,2,INCONCLUSIVE,25,25,100.0,10,10,100.0
Chart,25,8,NOT_RUN,,NOT_RUN,,NOT_AVAILABLE,,,,,,
Chart,26,26,PASS,0,PASS,0,NOT_REVEALING,350,313,89.43,128,100,78.12
Chart,3,28,PASS,0,PASS,0,NOT_REVEALING,380,348,91.58,186,147,79.03
Chart,4,12,NOT_RUN,,NOT_RUN,,NOT_AVAILABLE,,,,,,
Chart,5,13,PASS,0,PASS,0,NOT_REVEALING,172,157,91.28,80,66,82.5
Chart,6,7,PASS,0,PASS,0,NOT_REVEALING,29,29,100.0,12,12,100.0
Chart,7,8,FAIL,1,FAIL,1,INCONCLUSIVE,159,153,96.23,54,49,90.74
Chart,8,23,FAIL,1,FAIL,1,INCONCLUSIVE,162,157,96.91,68,61,89.71
Chart,9,15,FAIL,2,FAIL,2,INCONCLUSIVE,289,261,90.31,128,105,82.03
Cli,1,0,NOT_RUN,,NOT_RUN,,NOT_AVAILABLE,,,,,,
Cli,10,0,PASS,0,PASS,0,NOT_REVEALING,106,70,66.04,70,37,52.86
Cli,11,0,FAIL,1,FAIL,1,INCONCLUSIVE,198,195,98.48,106,83,78.3
Cli,12,10,FAIL,1,FAIL,1,INCONCLUSIVE,25,0,0.0,16,0,0.0
Cli,13,0,NOT_RUN,,NOT_RUN,,NOT_AVAILABLE,,,,,,
Cli,14,0,NOT_RUN,,NOT_RUN,,NOT_AVAILABLE,,,,,,
Cli,15,0,NOT_RUN,,NOT_RUN,,NOT_AVAILABLE,,,,,,
Cli,16,0,FAIL,1,NOT_RUN,,NOT_AVAILABLE,343,0,0.0,218,0,0.0
Cli,17,0,FAIL,5,FAIL,4,INCONCLUSIVE,67,64,95.52,42,37,88.1
Cli,18,0,FAIL,3,FAIL,3,INCONCLUSIVE,66,59,89.39,42,30,71.43
Cli,19,0,FAIL,2,FAIL,2,INCONCLUSIVE,65,60,92.31,42,35,83.33
Cli,2,0,NOT_RUN,,NOT_RUN,,NOT_AVAILABLE,,,,,,
Cli,20,0,FAIL,1,FAIL,1,INCONCLUSIVE,64,58,90.62,42,35,83.33
Cli,21,0,PASS,0,PASS,0,NOT_REVEALING,294,0,0.0,188,0,0.0
Cli,22,0,FAIL,4,FAIL,3,INCONCLUSIVE,57,57,100.0,38,35,92.11
Cli,23,0,FAIL,1,FAIL,1,INCONCLUSIVE,198,190,95.96,108,85,78.7
Cli,24,0,PASS,0,FAIL,1,INCONCLUSIVE,198,170,85.86,112,79,70.54
Cli,25,0,PASS,0,PASS,0,NOT_REVEALING,198,189,95.45,112,82,73.21
Cli,26,9,FAIL,1,FAIL,1,INCONCLUSIVE,61,0,0.0,4,0,0.0
Cli,27,7,NOT_RUN,,NOT_RUN,,NOT_AVAILABLE,,,,,,
Cli,28,0,NOT_RUN,,NOT_RUN,,NOT_AVAILABLE,,,,,,
Cli,29,0,FAIL,2,FAIL,1,INCONCLUSIVE,14,13,92.86,10,10,100.0
Cli,3,24,FAIL,1,FAIL,1,INCONCLUSIVE,55,0,0.0,20,0,0.0
Cli,30,0,PASS,0,PASS,0,NOT_REVEALING,288,143,49.65,218,89,40.83
Cli,31,0,PASS,0,PASS,0,NOT_REVEALING,386,221,57.25,208,100,48.08
Cli,32,0,FAIL,1,PASS,0,REVEALING,203,185,91.13,122,96,78.69
Cli,33,0,PASS,0,PASS,0,NOT_REVEALING,201,197,98.01,114,97,85.09
Cli,34,0,FAIL,1,FAIL,2,INCONCLUSIVE,180,110,61.11,88,76,86.36
Cli,35,9,PASS,0,PASS,0,NOT_REVEALING,57,57,100.0,20,19,95.0
Cli,36,7,PASS,0,PASS,0,NOT_REVEALING,94,35,37.23,36,14,38.89
Cli,37,0,PASS,0,PASS,0,NOT_REVEALING,187,137,73.26,158,88,55.7
Cli,38,25,FAIL,1,FAIL,1,INCONCLUSIVE,191,163,85.34,158,102,64.56
Cli,39,0,FAIL,1,FAIL,2,INCONCLUSIVE,42,38,90.48,20,17,85.0
Cli,4,0,NOT_RUN,,NOT_RUN,,NOT_AVAILABLE,,,,,,
Cli,40,24,NOT_RUN,,NOT_RUN,,NOT_AVAILABLE,,,,,,
Cli,5,12,FAIL,1,FAIL,1,INCONCLUSIVE,11,0,0.0,8,0,0.0
Cli,7,0,FAIL,3,FAIL,3,INCONCLUSIVE,68,60,88.24,27,20,74.07
Cli,8,0,NOT_RUN,,NOT_RUN,,NOT_AVAILABLE,,,,,,
Cli,9,0,FAIL,2,FAIL,2,INCONCLUSIVE,105,96,91.43,70,61,87.14
Closure,1,5,NOT_RUN,,NOT_RUN,,NOT_AVAILABLE,,,,,,
Closure,10,29,NOT_RUN,,NOT_RUN,,NOT_AVAILABLE,,,,,,
Closure,100,0,NOT_RUN,,NOT_RUN,,NOT_AVAILABLE,,,,,,
Closure,101,18,FAIL,1,FAIL,1,INCONCLUSIVE,165,143,86.67,24,17,70.83
Closure,102,0,NOT_RUN,,NOT_RUN,,NOT_AVAILABLE,,,,,,
Closure,103,14,NOT_RUN,,NOT_RUN,,NOT_AVAILABLE,,,,,,
Closure,104,8,NOT_RUN,,NOT_RUN,,NOT_AVAILABLE,,,,,,
Closure,105,0,NOT_RUN,,NOT_RUN,,NOT_AVAILABLE,,,,,,
Closure,106,6,NOT_RUN,,NOT_RUN,,NOT_AVAILABLE,,,,,,
Closure,107,6,FAIL,2,FAIL,2,INCONCLUSIVE,327,206,63.0,69,23,33.33
Closure,108,2,PASS,0,PASS,0,NOT_REVEALING,269,54,20.07,150,14,9.33
Closure,109,6,FAIL,3,FAIL,3,INCONCLUSIVE,1146,146,12.74,707,41,5.8
Closure,11,3,FAIL,3,FAIL,3,INCONCLUSIVE,778,0,0.0,549,0,0.0
Closure,110,2,NOT_RUN,,NOT_RUN,,NOT_AVAILABLE,,,,,,
Closure,111,3,NOT_RUN,,NOT_RUN,,NOT_AVAILABLE,,,,,,
Closure,112,3,NOT_RUN,,NOT_RUN,,NOT_AVAILABLE,,,,,,
Closure,113,13,NOT_RUN,,NOT_RUN,,NOT_AVAILABLE,,,,,,
Closure,114,6,NOT_RUN,,NOT_RUN,,NOT_AVAILABLE,,,,,,
Closure,115,9,NOT_RUN,,NOT_RUN,,NOT_AVAILABLE,,,,,,
Closure,116,8,NOT_RUN,,NOT_RUN,,NOT_AVAILABLE,,,,,,
Closure,117,2,FAIL,2,FAIL,2,INCONCLUSIVE,287,37,12.89,208,8,3.85
Closure,118,4,NOT_RUN,,NOT_RUN,,NOT_AVAILABLE,,,,,,
Closure,119,5,FAIL,2,FAIL,2,INCONCLUSIVE,496,100,20.16,346,16,4.62
Closure,12,0,NOT_RUN,,NOT_RUN,,NOT_AVAILABLE,,,,,,
Closure,120,10,NOT_RUN,,NOT_RUN,,NOT_AVAILABLE,,,,,,
Closure,121,0,NOT_RUN,,NOT_RUN,,NOT_AVAILABLE,,,,,,
Closure,122,5,NOT_RUN,,NOT_RUN,,NOT_AVAILABLE,,,,,,
Closure,123,12,NOT_RUN,,NOT_RUN,,NOT_AVAILABLE,,,,,,
Closure,124,0,NOT_RUN,,NOT_RUN,,NOT_AVAILABLE,,,,,,
Closure,125,7,NOT_RUN,,NOT_RUN,,NOT_AVAILABLE,,,,,,
Closure,126,0,NOT_RUN,,NOT_RUN,,NOT_AVAILABLE,,,,,,
Closure,127,0,FAIL,6,FAIL,6,INCONCLUSIVE,82,10,12.2,65,0,0.0
Closure,128,14,NOT_RUN,,NOT_RUN,,NOT_AVAILABLE,,,,,,
Closure,129,0,NOT_RUN,,NOT_RUN,,NOT_AVAILABLE,,,,,,
Closure,13,0,NOT_RUN,,NOT_RUN,,NOT_AVAILABLE,,,,,,
Closure,130,4,NOT_RUN,,NOT_RUN,,NOT_AVAILABLE,,,,,,
Closure,131,6,PASS,0,PASS,0,NOT_REVEALING,113,107,94.69,165,125,75.76
Closure,132,20,FAIL,12,FAIL,12,INCONCLUSIVE,757,101,13.34,530,49,9.25
Closure,133,7,FAIL,4,FAIL,4,INCONCLUSIVE,1089,144,13.22,655,50,7.63
Closure,134,3,PASS,0,PASS,0,NOT_REVEALING,846,114,13.48,569,22,3.87
Closure,135,2,PASS,0,PASS,0,NOT_REVEALING,424,25,5.9,318,12,3.77
Closure,136,0,NOT_RUN,,NOT_RUN,,NOT_AVAILABLE,,,,,,
Closure,137,13,NOT_RUN,,NOT_RUN,,NOT_AVAILABLE,,,,,,
Closure,138,0,NOT_RUN,,NOT_RUN,,NOT_AVAILABLE,,,,,,
Closure,139,0,NOT_RUN,,NOT_RUN,,NOT_AVAILABLE,,,,,,
Closure,14,5,NOT_RUN,,NOT_RUN,,NOT_AVAILABLE,,,,,,
Closure,140,16,NOT_RUN,,NOT_RUN,,NOT_AVAILABLE,,,,,,
Closure,141,27,NOT_RUN,,NOT_RUN,,NOT_AVAILABLE,,,,,,
Closure,142,2,PASS,0,PASS,0,NOT_REVEALING,1039,16,1.54,633,3,0.47
Closure,143,21,FAIL,1,FAIL,1,INCONCLUSIVE,502,182,36.25,206,64,31.07
Closure,144,12,FAIL,12,FAIL,12,INCONCLUSIVE,1221,0,0.0,900,0,0.0
Closure,145,24,NOT_RUN,,NOT_RUN,,NOT_AVAILABLE,,,,,,
Closure,146,6,NOT_RUN,,NOT_RUN,,NOT_AVAILABLE,,,,,,
Closure,147,0,NOT_RUN,,NOT_RUN,,NOT_AVAILABLE,,,,,,
Closure,148,25,FAIL,24,FAIL,24,INCONCLUSIVE,705,198,28.09,506,105,20.75
Closure,149,17,PASS,0,PASS,0,NOT_REVEALING,1661,321,19.33,567,54,9.52
Closure,15,3,FAIL,1,FAIL,1,INCONCLUSIVE,166,9,5.42,119,1,0.84
Closure,150,5,FAIL,4,FAIL,4,INCONCLUSIVE,660,7,1.06,492,0,0.0
Closure,151,7,FAIL,1,FAIL,1,INCONCLUSIVE,184,146,79.35,34,19,55.88
Closure,152,15,NOT_RUN,,NOT_RUN,,NOT_AVAILABLE,,,,,,
Closure,153,14,NOT_RUN,,NOT_RUN,,NOT_AVAILABLE,,,,,,
Closure,154,4,NOT_RUN,,NOT_RUN,,NOT_AVAILABLE,,,,,,
Closure,155,0,FAIL,2,FAIL,2,INCONCLUSIVE,569,38,6.68,419,2,0.48
Closure,156,4,NOT_RUN,,NOT_RUN,,NOT_AVAILABLE,,,,,,
Closure,157,12,NOT_RUN,,NOT_RUN,,NOT_AVAILABLE,,,,,,
Closure,158,27,NOT_RUN,,NOT_RUN,,NOT_AVAILABLE,,,,,,
Closure,159,7,NOT_RUN,,NOT_RUN,,NOT_AVAILABLE,,,,,,
Closure,16,0,NOT_RUN,,NOT_RUN,,NOT_AVAILABLE,,,,,,
Closure,160,36,NOT_RUN,,NOT_RUN,,NOT_AVAILABLE,,,,,,
Closure,161,0,NOT_RUN,,NOT_RUN,,NOT_AVAILABLE,,,,,,
Closure,162,7,NOT_RUN,,NOT_RUN,,NOT_AVAILABLE,,,,,,
Closure,163,6,NOT_RUN,,NOT_RUN,,NOT_AVAILABLE,,,,,,
Closure,164,6,NOT_RUN,,NOT_RUN,,NOT_AVAILABLE,,,,,,
Closure,165,14,NOT_RUN,,NOT_RUN,,NOT_AVAILABLE,,,,,,
Closure,166,9,NOT_RUN,,NOT_RUN,,NOT_AVAILABLE,,,,,,
Closure,167,4,NOT_RUN,,NOT_RUN,,NOT_AVAILABLE,,,,,,
Closure,168,4,FAIL,1,FAIL,1,INCONCLUSIVE,895,106,11.84,703,7,1.0
Closure,169,11,NOT_RUN,,NOT_RUN,,NOT_AVAILABLE,,,,,,
Closure,17,5,FAIL,3,FAIL,3,INCONCLUSIVE,880,114,12.95,687,13,1.89
Closure,170,0,NOT_RUN,,NOT_RUN,,NOT_AVAILABLE,,,,,,
Closure,171,4,NOT_RUN,,NOT_RUN,,NOT_AVAILABLE,,,,,,
Closure,172,5,NOT_RUN,,NOT_RUN,,NOT_AVAILABLE,,,,,,
Closure,173,12,NOT_RUN,,NOT_RUN,,NOT_AVAILABLE,,,,,,
Closure,174,5,NOT_RUN,,NOT_RUN,,NOT_AVAILABLE,,,,,,
Closure,175,11,NOT_RUN,,NOT_RUN,,NOT_AVAILABLE,,,,,,
Closure,176,2,NOT_RUN,,NOT_RUN,,NOT_AVAILABLE,,,,,,
Closure,18,12,NOT_RUN,,NOT_RUN,,NOT_AVAILABLE,,,,,,
Closure,19,16,NOT_RUN,,NOT_RUN,,NOT_AVAILABLE,,,,,,
Closure,2,3,FAIL,3,FAIL,3,INCONCLUSIVE,820,0,0.0,574,0,0.0
Closure,20,7,FAIL,4,FAIL,4,INCONCLUSIVE,754,81,10.74,526,31,5.89
Closure,21,0,NOT_RUN,,NOT_RUN,,NOT_AVAILABLE,,,,,,
Closure,22,0,FAIL,1,FAIL,1,INCONCLUSIVE,86,58,67.44,72,29,40.28
Closure,23,0,NOT_RUN,,NOT_RUN,,NOT_AVAILABLE,,,,,,
Closure,24,0,PASS,0,PASS,0,NOT_REVEALING,173,47,27.17,104,13,12.5
Closure,25,2,NOT_RUN,,NOT_RUN,,NOT_AVAILABLE,,,,,,
Closure,26,9,NOT_RUN,,NOT_RUN,,NOT_AVAILABLE,,,,,,
Closure,27,21,FAIL,10,FAIL,10,INCONCLUSIVE,187,148,79.14,60,26,43.33
Closure,28,0,PASS,0,PASS,0,NOT_REVEALING,26,24,92.31,2,2,100.0
Closure,29,2,FAIL,1,FAIL,1,INCONCLUSIVE,174,8,4.6,104,0,0.0
Closure,3,0,NOT_RUN,,NOT_RUN,,NOT_AVAILABLE,,,,,,
Closure,30,3,NOT_RUN,,NOT_RUN,,NOT_AVAILABLE,,,,,,
Closure,31,16,FAIL,4,FAIL,4,INCONCLUSIVE,982,169,17.21,400,33,8.25
Closure,32,4,PASS,0,PASS,0,NOT_REVEALING,1042,111,10.65,611,46,7.53
Closure,33,13,NOT_RUN,,NOT_RUN,,NOT_AVAILABLE,,,,,,
Closure,34,19,NOT_RUN,,NOT_RUN,,NOT_AVAILABLE,,,,,,
Closure,35,3,PASS,0,PASS,0,NOT_REVEALING,628,7,1.11,422,2,0.47
Closure,36,0,PASS,0,PASS,0,NOT_REVEALING,289,20,6.92,232,1,0.43
Closure,37,0,FAIL,2,FAIL,2,INCONCLUSIVE,832,119,14.3,385,47,12.21
Closure,38,13,FAIL,3,FAIL,3,INCONCLUSIVE,112,93,83.04,64,46,71.88
Closure,39,6,NOT_RUN,,NOT_RUN,,NOT_AVAILABLE,,,,,,
Closure,4,6,NOT_RUN,,NOT_RUN,,NOT_AVAILABLE,,,,,,
Closure,40,0,NOT_RUN,,NOT_RUN,,NOT_AVAILABLE,,,,,,
Closure,41,12,PASS,0,PASS,0,NOT_REVEALING,336,86,25.6,240,24,10.0
Closure,42,11,NOT_RUN,,NOT_RUN,,NOT_AVAILABLE,,,,,,
Closure,43,3,NOT_RUN,,NOT_RUN,,NOT_AVAILABLE,,,,,,
Closure,44,11,NOT_RUN,,NOT_RUN,,NOT_AVAILABLE,,,,,,
Closure,45,5,NOT_RUN,,NOT_RUN,,NOT_AVAILABLE,,,,,,
Closure,46,7,PASS,0,PASS,0,NOT_REVEALING,109,92,84.4,80,53,66.25
Closure,47,13,NOT_RUN,,NOT_RUN,,NOT_AVAILABLE,,,,,,
Closure,48,3,NOT_RUN,,NOT_RUN,,NOT_AVAILABLE,,,,,,
Closure,49,0,NOT_RUN,,NOT_RUN,,NOT_AVAILABLE,,,,,,
Closure,5,1,FAIL,1,FAIL,1,INCONCLUSIVE,181,8,4.42,108,0,0.0
Closure,50,0,NOT_RUN,,NOT_RUN,,NOT_AVAILABLE,,,,,,
Closure,51,13,NOT_RUN,,NOT_RUN,,NOT_AVAILABLE,,,,,,
Closure,52,19,NOT_RUN,,NOT_RUN,,NOT_AVAILABLE,,,,,,
Closure,53,0,FAIL,2,FAIL,2,INCONCLUSIVE,170,8,4.71,112,0,0.0
Closure,54,6,FAIL,3,FAIL,3,INCONCLUSIVE,1190,164,13.78,910,40,4.4
Closure,55,0,NOT_RUN,,NOT_RUN,,NOT_AVAILABLE,,,,,,
Closure,56,8,FAIL,2,FAIL,1,INCONCLUSIVE,142,120,84.51,48,33,68.75
Closure,57,0,NOT_RUN,,NOT_RUN,,NOT_AVAILABLE,,,,,,
Closure,58,7,NOT_RUN,,NOT_RUN,,NOT_AVAILABLE,,,,,,
Closure,59,22,FAIL,7,FAIL,7,INCONCLUSIVE,814,303,37.22,330,103,31.21
Closure,6,12,NOT_RUN,,NOT_RUN,,NOT_AVAILABLE,,,,,,
Closure,60,31,NOT_RUN,,NOT_RUN,,NOT_AVAILABLE,,,,,,
Closure,61,43,NOT_RUN,,NOT_RUN,,NOT_AVAILABLE,,,,,,
Closure,62,11,NOT_RUN,,NOT_RUN,,NOT_AVAILABLE,,,,,,
Closure,64,16,FAIL,5,FAIL,5,INCONCLUSIVE,793,93,11.73,320,20,6.25
Closure,65,24,NOT_RUN,,NOT_RUN,,NOT_AVAILABLE,,,,,,
Closure,66,3,FAIL,3,FAIL,3,INCONCLUSIVE,782,0,0.0,509,0,0.0
Closure,67,0,NOT_RUN,,NOT_RUN,,NOT_AVAILABLE,,,,,,
Closure,68,10,NOT_RUN,,NOT_RUN,,NOT_AVAILABLE,,,,,,
Closure,69,3,NOT_RUN,,NOT_RUN,,NOT_AVAILABLE,,,,,,
Closure,7,0,NOT_RUN,,NOT_RUN,,NOT_AVAILABLE,,,,,,
Closure,70,2,NOT_RUN,,NOT_RUN,,NOT_AVAILABLE,,,,,,
Closure,71,4,NOT_RUN,,NOT_RUN,,NOT_AVAILABLE,,,,,,
Closure,72,4,NOT_RUN,,NOT_RUN,,NOT_AVAILABLE,,,,,,
Closure,73,26,NOT_RUN,,NOT_RUN,,NOT_AVAILABLE,,,,,,
Closure,74,0,FAIL,16,FAIL,16,INCONCLUSIVE,800,309,38.62,619,168,27.14
Closure,75,30,PASS,0,PASS,0,NOT_REVEALING,920,245,26.63,891,191,21.44
Closure,76,0,NOT_RUN,,NOT_RUN,,NOT_AVAILABLE,,,,,,
Closure,77,18,NOT_RUN,,NOT_RUN,,NOT_AVAILABLE,,,,,,
Closure,78,36,FAIL,35,FAIL,35,INCONCLUSIVE,764,351,45.94,580,199,34.31
Closure,79,8,NOT_RUN,,NOT_RUN,,NOT_AVAILABLE,,,,,,
Closure,8,0,FAIL,2,FAIL,2,INCONCLUSIVE,84,17,20.24,52,6,11.54
Closure,80,28,NOT_RUN,,NOT_RUN,,NOT_AVAILABLE,,,,,,
Closure,81,4,FAIL,4,FAIL,4,INCONCLUSIVE,587,0,0.0,319,0,0.0
Closure,82,9,FAIL,3,FAIL,3,INCONCLUSIVE,222,109,49.1,156,49,31.41
Closure,83,12,FAIL,3,FAIL,3,INCONCLUSIVE,195,165,84.62,36,24,66.67
Closure,84,8,NOT_RUN,,NOT_RUN,,NOT_AVAILABLE,,,,,,
Closure,85,0,NOT_RUN,,NOT_RUN,,NOT_AVAILABLE,,,,,,
Closure,86,35,NOT_RUN,,NOT_RUN,,NOT_AVAILABLE,,,,,,
Closure,87,0,NOT_RUN,,NOT_RUN,,NOT_AVAILABLE,,,,,,
Closure,88,0,NOT_RUN,,NOT_RUN,,NOT_AVAILABLE,,,,,,
Closure,89,3,FAIL,2,FAIL,2,INCONCLUSIVE,714,67,9.38,521,19,3.65
Closure,9,9,NOT_RUN,,NOT_RUN,,NOT_AVAILABLE,,,,,,
Closure,90,4,NOT_RUN,,NOT_RUN,,NOT_AVAILABLE,,,,,,
Closure,91,6,NOT_RUN,,NOT_RUN,,NOT_AVAILABLE,,,,,,
Closure,92,8,FAIL,7,FAIL,7,INCONCLUSIVE,409,55,13.45,258,10,3.88
Closure,94,26,NOT_RUN,,NOT_RUN,,NOT_AVAILABLE,,,,,,
Closure,95,8,NOT_RUN,,NOT_RUN,,NOT_AVAILABLE,,,,,,
Closure,96,2,NOT_RUN,,NOT_RUN,,NOT_AVAILABLE,,,,,,
Closure,97,0,NOT_RUN,,NOT_RUN,,NOT_AVAILABLE,,,,,,
Closure,98,0,FAIL,1,FAIL,1,INCONCLUSIVE,168,32,19.05,127,9,7.09
Closure,99,0,NOT_RUN,,NOT_RUN,,NOT_AVAILABLE,,,,,,
Codec,1,7,PASS,0,PASS,0,NOT_REVEALING,256,68,26.56,184,5,2.72
Codec,10,9,FAIL,1,FAIL,1,INCONCLUSIVE,69,69,100.0,6,6,100.0
Codec,11,25,NOT_RUN,,NOT_RUN,,NOT_AVAILABLE,,,,,,
Codec,12,10,PASS,0,PASS,0,NOT_REVEALING,31,29,93.55,26,22,84.62
Codec,13,17,PASS,0,PASS,0,NOT_REVEALING,481,28,5.82,458,7,1.53
Codec,14,6,PASS,0,PASS,0,NOT_REVEALING,481,26,5.41,226,6,2.65
Codec,15,14,FAIL,3,FAIL,3,INCONCLUSIVE,51,50,98.04,34,25,73.53
Codec,16,17,NOT_RUN,,NOT_RUN,,NOT_AVAILABLE,,,,,,
Codec,17,16,FAIL,1,FAIL,1,INCONCLUSIVE,39,38,97.44,20,20,100.0
Codec,18,17,PASS,0,PASS,0,NOT_REVEALING,39,39,100.0,20,20,100.0
Codec,2,24,PASS,0,PASS,0,NOT_REVEALING,214,203,94.86,146,119,81.51
Codec,3,35,NOT_RUN,,NOT_RUN,,NOT_AVAILABLE,,,,,,
Codec,4,29,NOT_RUN,,NOT_RUN,,NOT_AVAILABLE,,,,,,
Codec,5,24,FAIL,1,FAIL,1,INCONCLUSIVE,231,227,98.27,158,135,85.44
Codec,6,10,FAIL,1,FAIL,1,INCONCLUSIVE,35,35,100.0,28,26,92.86
Codec,7,21,FAIL,1,FAIL,1,INCONCLUSIVE,233,220,94.42,162,129,79.63
Codec,8,21,PASS,0,NOT_RUN,,NOT_AVAILABLE,261,214,81.99,186,127,68.28
Codec,9,22,FAIL,1,FAIL,1,INCONCLUSIVE,220,208,94.55,152,123,80.92
Collections,1,0,FAIL,2,FAIL,2,INCONCLUSIVE,491,249,50.71,376,154,40.96
Collections,10,0,FAIL,2,FAIL,1,INCONCLUSIVE,119,106,89.08,48,38,79.17
Collections,11,0,PASS,0,PASS,0,NOT_REVEALING,35,34,97.14,12,12,100.0
Collections,12,38,FAIL,2,FAIL,2,INCONCLUSIVE,489,410,83.84,278,196,70.5
Collections,13,11,NOT_RUN,,NOT_RUN,,NOT_AVAILABLE,,,,,,
Collections,14,15,PASS,0,PASS,0,NOT_REVEALING,18,18,100.0,2,2,100.0
Collections,15,0,PASS,0,PASS,0,NOT_REVEALING,86,86,100.0,22,21,95.45
Collections,16,0,NOT_RUN,,NOT_RUN,,NOT_AVAILABLE,,,,,,
Collections,17,0,NOT_RUN,,NOT_RUN,,NOT_AVAILABLE,,,,,,
Collections,18,21,NOT_RUN,,NOT_RUN,,NOT_AVAILABLE,,,,,,
Collections,19,20,PASS,0,PASS,0,NOT_REVEALING,109,105,96.33,38,37,97.37
Collections,2,35,FAIL,3,FAIL,3,INCONCLUSIVE,465,399,85.81,268,202,75.37
Collections,20,24,FAIL,2,FAIL,2,INCONCLUSIVE,293,243,82.94,154,112,72.73
Collections,21,12,PASS,0,FAIL,1,INCONCLUSIVE,109,99,90.83,38,36,94.74
Collections,22,11,NOT_RUN,,NOT_RUN,,NOT_AVAILABLE,,,,,,
Collections,23,4,FAIL,1,NOT_RUN,,NOT_AVAILABLE,34,22,64.71,2,2,100.0
Collections,24,13,PASS,0,PASS,0,NOT_REVEALING,26,25,96.15,12,12,100.0
Collections,25,42,NOT_RUN,,NOT_RUN,,NOT_AVAILABLE,,,,,,
Collections,26,14,NOT_RUN,,NOT_RUN,,NOT_AVAILABLE,,,,,,
Collections,27,22,NOT_RUN,,NOT_RUN,,NOT_AVAILABLE,,,,,,
Collections,28,17,NOT_RUN,,NOT_RUN,,NOT_AVAILABLE,,,,,,
Collections,3,0,NOT_RUN,,NOT_RUN,,NOT_AVAILABLE,,,,,,
Collections,4,0,FAIL,1,FAIL,2,INCONCLUSIVE,111,110,99.1,48,44,91.67
Collections,5,0,FAIL,1,PASS,0,REVEALING,82,82,100.0,20,18,90.0
Collections,6,0,NOT_RUN,,NOT_RUN,,NOT_AVAILABLE,,,,,,
Collections,7,18,FAIL,2,FAIL,2,INCONCLUSIVE,483,436,90.27,280,219,78.21
Collections,8,0,PASS,0,PASS,0,NOT_REVEALING,88,75,85.23,36,30,83.33
Collections,9,15,NOT_RUN,,NOT_RUN,,NOT_AVAILABLE,,,,,,
Compress,1,17,NOT_RUN,,NOT_RUN,,NOT_AVAILABLE,,,,,,
Compress,10,3,PASS,0,PASS,0,NOT_REVEALING,304,39,12.83,113,5,4.42
Compress,11,14,FAIL,2,FAIL,2,INCONCLUSIVE,69,59,85.51,46,41,89.13
Compress,12,8,FAIL,1,FAIL,1,INCONCLUSIVE,195,69,35.38,110,32,29.09
Compress,13,10,NOT_RUN,,NOT_RUN,,NOT_AVAILABLE,,,,,,
Compress,14,21,FAIL,1,FAIL,1,INCONCLUSIVE,101,97,96.04,66,55,83.33
Compress,15,15,FAIL,2,FAIL,2,INCONCLUSIVE,203,168,82.76,110,68,61.82
Compress,16,12,FAIL,2,FAIL,1,INCONCLUSIVE,70,59,84.29,48,41,85.42
Compress,17,31,NOT_RUN,,NOT_RUN,,NOT_AVAILABLE,,,,,,
Compress,18,13,NOT_RUN,,NOT_RUN,,NOT_AVAILABLE,,,,,,
Compress,19,14,PASS,0,FAIL,1,INCONCLUSIVE,105,105,100.0,60,48,80.0
Compress,2,8,PASS,0,PASS,0,NOT_REVEALING,73,40,54.79,42,24,57.14
Compress,20,9,PASS,0,PASS,0,NOT_REVEALING,214,85,39.72,114,49,42.98
Compress,21,4,PASS,0,PASS,0,NOT_REVEALING,390,356,91.28,136,120,88.24
Compress,22,12,FAIL,3,FAIL,3,INCONCLUSIVE,502,41,8.17,265,19,7.17
Compress,23,10,NOT_RUN,,NOT_RUN,,NOT_AVAILABLE,,,,,,
Compress,24,29,FAIL,3,FAIL,3,INCONCLUSIVE,180,144,80.0,118,90,76.27
Compress,25,7,FAIL,2,FAIL,2,INCONCLUSIVE,401,46,11.47,252,8,3.17
Compress,26,11,PASS,0,FAIL,1,INCONCLUSIVE,36,33,91.67,18,17,94.44
Compress,27,33,FAIL,4,FAIL,4,INCONCLUSIVE,178,141,79.21,116,88,75.86
Compress,28,6,FAIL,2,FAIL,2,INCONCLUSIVE,213,83,38.97,122,36,29.51
Compress,29,36,FAIL,4,FAIL,4,INCONCLUSIVE,1609,385,23.93,885,130,14.69
Compress,3,15,FAIL,1,FAIL,3,INCONCLUSIVE,90,81,90.0,28,27,96.43
Compress,30,9,PASS,0,PASS,0,NOT_REVEALING,490,48,9.8,265,21,7.92
Compress,31,30,FAIL,4,FAIL,4,INCONCLUSIVE,176,159,90.34,116,99,85.34
Compress,32,9,FAIL,2,FAIL,2,INCONCLUSIVE,220,68,30.91,126,26,20.63
Compress,33,16,PASS,0,PASS,0,NOT_REVEALING,96,58,60.42,64,37,57.81
Compress,34,9,PASS,0,FAIL,1,INCONCLUSIVE,70,70,100.0,14,12,85.71
Compress,35,25,FAIL,4,FAIL,4,INCONCLUSIVE,174,146,83.91,112,90,80.36
Compress,36,6,PASS,0,PASS,0,NOT_REVEALING,533,22,4.13,303,6,1.98
Compress,37,10,FAIL,2,FAIL,2,INCONCLUSIVE,237,105,44.3,152,45,29.61
Compress,38,16,FAIL,2,FAIL,2,INCONCLUSIVE,304,251,82.57,143,85,59.44
Compress,39,9,NOT_RUN,,NOT_RUN,,NOT_AVAILABLE,,,,,,
Compress,4,0,NOT_RUN,,NOT_RUN,,NOT_AVAILABLE,,,,,,
Compress,40,9,FAIL,1,FAIL,1,INCONCLUSIVE,33,33,100.0,12,12,100.0
Compress,41,10,FAIL,2,FAIL,2,INCONCLUSIVE,412,73,17.72,260,27,10.38
Compress,42,2,PASS,0,PASS,0,NOT_REVEALING,244,0,0.0,132,0,0.0
Compress,43,10,NOT_RUN,,NOT_RUN,,NOT_AVAILABLE,,,,,,
Compress,44,5,PASS,0,PASS,0,NOT_REVEALING,17,17,100.0,6,6,100.0
Compress,45,29,FAIL,4,FAIL,4,INCONCLUSIVE,171,148,86.55,108,88,81.48
Compress,46,15,FAIL,1,FAIL,1,INCONCLUSIVE,119,117,98.32,96,74,77.08
Compress,47,9,FAIL,2,FAIL,2,INCONCLUSIVE,430,71,16.51,273,22,8.06
Compress,5,12,FAIL,1,FAIL,1,INCONCLUSIVE,161,63,39.13,94,30,31.91
Compress,6,9,FAIL,3,FAIL,3,INCONCLUSIVE,136,104,76.47,60,39,65.0
Compress,7,15,PASS,0,PASS,0,NOT_REVEALING,63,61,96.83,38,35,92.11
Compress,8,17,FAIL,1,FAIL,1,INCONCLUSIVE,70,66,94.29,38,33,86.84
Compress,9,17,NOT_RUN,,NOT_RUN,,NOT_AVAILABLE,,,,,,
Csv,1,9,PASS,0,PASS,0,NOT_REVEALING,37,37,100.0,22,20,90.91
Csv,10,22,NOT_RUN,,NOT_RUN,,NOT_AVAILABLE,,,,,,
Csv,11,15,NOT_RUN,,NOT_RUN,,NOT_AVAILABLE,,,,,,
Csv,12,14,PASS,0,PASS,0,NOT_REVEALING,184,178,96.74,140,115,82.14
Csv,13,26,NOT_RUN,,NOT_RUN,,NOT_AVAILABLE,,,,,,
Csv,14,17,PASS,0,PASS,0,NOT_REVEALING,356,313,87.92,272,197,72.43
Csv,15,17,PASS,0,PASS,0,NOT_REVEALING,397,336,84.63,275,186,67.64
Csv,16,21,FAIL,7,FAIL,7,INCONCLUSIVE,123,115,93.5,68,51,75.0
Csv,2,10,FAIL,1,FAIL,1,INCONCLUSIVE,21,21,100.0,16,15,93.75
Csv,3,9,NOT_RUN,,NOT_RUN,,NOT_AVAILABLE,,,,,,
Csv,4,16,NOT_RUN,,NOT_RUN,,NOT_AVAILABLE,,,,,,
Csv,5,22,FAIL,1,FAIL,1,INCONCLUSIVE,158,149,94.3,115,95,82.61
Csv,6,12,PASS,0,PASS,0,NOT_REVEALING,35,35,100.0,18,17,94.44
Csv,7,17,PASS,0,PASS,0,NOT_REVEALING,101,91,90.1,50,42,84.0
Csv,8,27,FAIL,2,FAIL,3,INCONCLUSIVE,179,157,87.71,140,97,69.29
Csv,9,17,PASS,0,PASS,0,NOT_REVEALING,36,36,100.0,22,22,100.0
Gson,1,9,NOT_RUN,,NOT_RUN,,NOT_AVAILABLE,,,,,,
Gson,10,8,NOT_RUN,,NOT_RUN,,NOT_AVAILABLE,,,,,,
Gson,11,11,NOT_RUN,,NOT_RUN,,NOT_AVAILABLE,,,,,,
Gson,12,14,NOT_RUN,,NOT_RUN,,NOT_AVAILABLE,,,,,,
Gson,13,18,FAIL,5,FAIL,5,INCONCLUSIVE,683,456,66.76,484,250,51.65
Gson,14,19,NOT_RUN,,NOT_RUN,,NOT_AVAILABLE,,,,,,
Gson,15,21,FAIL,2,FAIL,2,INCONCLUSIVE,198,184,92.93,92,76,82.61
Gson,16,28,NOT_RUN,,NOT_RUN,,NOT_AVAILABLE,,,,,,
Gson,17,9,NOT_RUN,,NOT_RUN,,NOT_AVAILABLE,,,,,,
Gson,18,25,NOT_RUN,,NOT_RUN,,NOT_AVAILABLE,,,,,,
Gson,2,16,NOT_RUN,,NOT_RUN,,NOT_AVAILABLE,,,,,,
Gson,3,16,NOT_RUN,,NOT_RUN,,NOT_AVAILABLE,,,,,,
Gson,4,20,FAIL,6,FAIL,5,INCONCLUSIVE,882,488,55.33,565,284,50.27
Gson,5,17,FAIL,2,FAIL,2,INCONCLUSIVE,150,139,92.67,89,68,76.4
Gson,6,4,PASS,0,PASS,0,NOT_REVEALING,20,20,100.0,6,6,100.0
Gson,7,12,FAIL,2,FAIL,2,INCONCLUSIVE,684,422,61.7,469,225,47.97
Gson,8,3,PASS,0,PASS,0,NOT_REVEALING,31,0,0.0,0,0,
Gson,9,30,PASS,0,PASS,0,NOT_REVEALING,777,250,32.18,334,59,17.66
JacksonCore,1,13,PASS,0,PASS,0,NOT_REVEALING,398,134,33.67,238,95,39.92
JacksonCore,10,13,FAIL,7,FAIL,7,INCONCLUSIVE,465,124,26.67,266,20,7.52
JacksonCore,11,12,FAIL,7,FAIL,7,INCONCLUSIVE,468,157,33.55,268,27,10.07
JacksonCore,12,5,FAIL,3,FAIL,3,INCONCLUSIVE,3187,287,9.01,2258,128,5.67
JacksonCore,13,8,NOT_RUN,,NOT_RUN,,NOT_AVAILABLE,,,,,,
JacksonCore,14,10,PASS,0,FAIL,2,INCONCLUSIVE,68,66,97.06,22,17,77.27
JacksonCore,15,8,NOT_RUN,,NOT_RUN,,NOT_AVAILABLE,,,,,,
JacksonCore,16,6,FAIL,2,FAIL,2,INCONCLUSIVE,33,32,96.97,22,20,90.91
JacksonCore,17,11,FAIL,2,FAIL,2,INCONCLUSIVE,991,382,38.55,523,143,27.34
JacksonCore,18,15,NOT_RUN,,NOT_RUN,,NOT_AVAILABLE,,,,,,
JacksonCore,19,12,NOT_RUN,,NOT_RUN,,NOT_AVAILABLE,,,,,,
JacksonCore,2,8,FAIL,3,FAIL,3,INCONCLUSIVE,2463,292,11.86,1698,129,7.6
JacksonCore,20,8,PASS,0,PASS,0,NOT_REVEALING,259,185,71.43,97,56,57.73
JacksonCore,21,5,NOT_RUN,,NOT_RUN,,NOT_AVAILABLE,,,,,,
JacksonCore,22,11,NOT_RUN,,NOT_RUN,,NOT_AVAILABLE,,,,,,
JacksonCore,23,9,NOT_RUN,,NOT_RUN,,NOT_AVAILABLE,,,,,,
JacksonCore,24,15,NOT_RUN,,NOT_RUN,,NOT_AVAILABLE,,,,,,
JacksonCore,25,11,NOT_RUN,,NOT_RUN,,NOT_AVAILABLE,,,,,,
JacksonCore,26,18,FAIL,7,FAIL,7,INCONCLUSIVE,1482,167,11.27,951,79,8.31
JacksonCore,3,9,NOT_RUN,,NOT_RUN,,NOT_AVAILABLE,,,,,,
JacksonCore,4,13,NOT_RUN,,NOT_RUN,,NOT_AVAILABLE,,,,,,
JacksonCore,5,7,PASS,0,PASS,0,NOT_REVEALING,84,82,97.62,62,51,82.26
JacksonCore,6,8,FAIL,2,FAIL,1,INCONCLUSIVE,84,77,91.67,62,50,80.65
JacksonCore,7,12,NOT_RUN,,NOT_RUN,,NOT_AVAILABLE,,,,,,
JacksonCore,8,13,FAIL,1,FAIL,1,INCONCLUSIVE,271,213,78.6,138,79,57.25
JacksonCore,9,15,NOT_RUN,,NOT_RUN,,NOT_AVAILABLE,,,,,,
JacksonDatabind,1,7,NOT_RUN,,NOT_RUN,,NOT_AVAILABLE,,,,,,
JacksonDatabind,10,2,PASS,0,PASS,0,NOT_REVEALING,275,5,1.82,164,0,0.0
JacksonDatabind,100,10,FAIL,2,FAIL,2,INCONCLUSIVE,123,100,81.3,81,46,56.79
JacksonDatabind,101,3,NOT_RUN,,NOT_RUN,,NOT_AVAILABLE,,,,,,
JacksonDatabind,102,7,NOT_RUN,,NOT_RUN,,NOT_AVAILABLE,,,,,,
JacksonDatabind,103,23,PASS,0,PASS,0,NOT_REVEALING,4256,65,1.53,2535,36,1.42
JacksonDatabind,104,14,PASS,0,PASS,0,NOT_REVEALING,272,238,87.5,123,97,78.86
JacksonDatabind,105,8,PASS,0,PASS,0,NOT_REVEALING,19,18,94.74,12,12,100.0
JacksonDatabind,106,10,FAIL,3,FAIL,3,INCONCLUSIVE,121,97,80.17,77,40,51.95
JacksonDatabind,107,3,NOT_RUN,,NOT_RUN,,NOT_AVAILABLE,,,,,,
JacksonDatabind,108,14,NOT_RUN,,NOT_RUN,,NOT_AVAILABLE,,,,,,
JacksonDatabind,109,11,NOT_RUN,,NOT_RUN,,NOT_AVAILABLE,,,,,,
JacksonDatabind,11,22,NOT_RUN,,NOT_RUN,,NOT_AVAILABLE,,,,,,
JacksonDatabind,110,10,PASS,0,PASS,0,NOT_REVEALING,58,35,60.34,25,14,56.0
JacksonDatabind,111,5,NOT_RUN,,NOT_RUN,,NOT_AVAILABLE,,,,,,
JacksonDatabind,112,5,NOT_RUN,,NOT_RUN,,NOT_AVAILABLE,,,,,,
JacksonDatabind,12,3,NOT_RUN,,NOT_RUN,,NOT_AVAILABLE,,,,,,
JacksonDatabind,13,14,NOT_RUN,,NOT_RUN,,NOT_AVAILABLE,,,,,,
JacksonDatabind,14,19,NOT_RUN,,NOT_RUN,,NOT_AVAILABLE,,,,,,
JacksonDatabind,15,9,NOT_RUN,,NOT_RUN,,NOT_AVAILABLE,,,,,,
JacksonDatabind,16,7,FAIL,1,FAIL,1,INCONCLUSIVE,35,35,100.0,36,29,80.56
JacksonDatabind,17,13,NOT_RUN,,NOT_RUN,,NOT_AVAILABLE,,,,,,
JacksonDatabind,18,9,NOT_RUN,,NOT_RUN,,NOT_AVAILABLE,,,,,,
JacksonDatabind,19,24,FAIL,2,FAIL,2,INCONCLUSIVE,347,234,67.44,230,124,53.91
JacksonDatabind,2,9,NOT_RUN,,NOT_RUN,,NOT_AVAILABLE,,,,,,
JacksonDatabind,20,13,FAIL,3,FAIL,3,INCONCLUSIVE,186,173,93.01,84,82,97.62
JacksonDatabind,21,15,NOT_RUN,,NOT_RUN,,NOT_AVAILABLE,,,,,,
JacksonDatabind,22,5,FAIL,1,FAIL,1,INCONCLUSIVE,638,44,6.9,409,9,2.2
JacksonDatabind,23,9,NOT_RUN,,NOT_RUN,,NOT_AVAILABLE,,,,,,
JacksonDatabind,24,15,NOT_RUN,,NOT_RUN,,NOT_AVAILABLE,,,,,,
JacksonDatabind,25,3,NOT_RUN,,NOT_RUN,,NOT_AVAILABLE,,,,,,
JacksonDatabind,26,6,NOT_RUN,,NOT_RUN,,NOT_AVAILABLE,,,,,,
JacksonDatabind,27,4,NOT_RUN,,NOT_RUN,,NOT_AVAILABLE,,,,,,
JacksonDatabind,28,16,FAIL,13,FAIL,13,INCONCLUSIVE,31,23,74.19,13,8,61.54
JacksonDatabind,29,1,PASS,0,PASS,0,NOT_REVEALING,141,18,12.77,62,0,0.0
JacksonDatabind,3,6,NOT_RUN,,NOT_RUN,,NOT_AVAILABLE,,,,,,
JacksonDatabind,30,6,NOT_RUN,,NOT_RUN,,NOT_AVAILABLE,,,,,,
JacksonDatabind,31,17,NOT_RUN,,NOT_RUN,,NOT_AVAILABLE,,,,,,
JacksonDatabind,32,13,NOT_RUN,,NOT_RUN,,NOT_AVAILABLE,,,,,,
JacksonDatabind,33,17,NOT_RUN,,NOT_RUN,,NOT_AVAILABLE,,,,,,
JacksonDatabind,34,5,NOT_RUN,,NOT_RUN,,NOT_AVAILABLE,,,,,,
JacksonDatabind,35,3,PASS,0,PASS,0,NOT_REVEALING,34,15,44.12,16,5,31.25
JacksonDatabind,36,13,FAIL,1,FAIL,1,INCONCLUSIVE,193,158,81.87,130,82,63.08
JacksonDatabind,37,17,PASS,0,PASS,0,NOT_REVEALING,67,51,76.12,32,24,75.0
JacksonDatabind,38,5,PASS,0,PASS,0,NOT_REVEALING,122,42,34.43,42,9,21.43
JacksonDatabind,39,7,NOT_RUN,,NOT_RUN,,NOT_AVAILABLE,,,,,,
JacksonDatabind,4,9,FAIL,5,FAIL,5,INCONCLUSIVE,62,30,48.39,36,13,36.11
JacksonDatabind,40,7,PASS,0,PASS,0,NOT_REVEALING,219,95,43.38,130,42,32.31
JacksonDatabind,41,25,NOT_RUN,,NOT_RUN,,NOT_AVAILABLE,,,,,,
JacksonDatabind,42,18,PASS,0,PASS,0,NOT_REVEALING,110,66,60.0,79,46,58.23
JacksonDatabind,43,0,NOT_RUN,,NOT_RUN,,NOT_AVAILABLE,,,,,,
JacksonDatabind,44,17,NOT_RUN,,NOT_RUN,,NOT_AVAILABLE,,,,,,
JacksonDatabind,45,9,FAIL,1,FAIL,1,INCONCLUSIVE,40,16,40.0,32,17,53.12
JacksonDatabind,46,6,PASS,0,PASS,0,NOT_REVEALING,52,51,98.08,22,22,100.0
JacksonDatabind,47,4,FAIL,1,FAIL,1,INCONCLUSIVE,179,45,25.14,44,4,9.09
JacksonDatabind,48,8,NOT_RUN,,NOT_RUN,,NOT_AVAILABLE,,,,,,
JacksonDatabind,49,5,NOT_RUN,,NOT_RUN,,NOT_AVAILABLE,,,,,,
JacksonDatabind,5,9,NOT_RUN,,NOT_RUN,,NOT_AVAILABLE,,,,,,
JacksonDatabind,50,6,NOT_RUN,,NOT_RUN,,NOT_AVAILABLE,,,,,,
JacksonDatabind,51,0,NOT_RUN,,NOT_RUN,,NOT_AVAILABLE,,,,,,
JacksonDatabind,52,4,NOT_RUN,,NOT_RUN,,NOT_AVAILABLE,,,,,,
JacksonDatabind,53,18,NOT_RUN,,NOT_RUN,,NOT_AVAILABLE,,,,,,
JacksonDatabind,54,5,NOT_RUN,,NOT_RUN,,NOT_AVAILABLE,,,,,,
JacksonDatabind,55,10,PASS,0,FAIL,1,INCONCLUSIVE,61,33,54.1,37,26,70.27
JacksonDatabind,56,10,NOT_RUN,,NOT_RUN,,NOT_AVAILABLE,,,,,,
JacksonDatabind,57,13,NOT_RUN,,NOT_RUN,,NOT_AVAILABLE,,,,,,
JacksonDatabind,58,4,NOT_RUN,,NOT_RUN,,NOT_AVAILABLE,,,,,,
JacksonDatabind,59,6,NOT_RUN,,NOT_RUN,,NOT_AVAILABLE,,,,,,
JacksonDatabind,6,9,FAIL,2,FAIL,2,INCONCLUSIVE,149,140,93.96,94,76,80.85
JacksonDatabind,60,6,NOT_RUN,,NOT_RUN,,NOT_AVAILABLE,,,,,,
JacksonDatabind,61,8,NOT_RUN,,NOT_RUN,,NOT_AVAILABLE,,,,,,
JacksonDatabind,62,6,NOT_RUN,,NOT_RUN,,NOT_AVAILABLE,,,,,,
JacksonDatabind,63,8,NOT_RUN,,NOT_RUN,,NOT_AVAILABLE,,,,,,
JacksonDatabind,64,6,FAIL,1,FAIL,1,INCONCLUSIVE,107,34,31.78,71,16,22.54
JacksonDatabind,66,20,NOT_RUN,,NOT_RUN,,NOT_AVAILABLE,,,,,,
JacksonDatabind,67,12,NOT_RUN,,NOT_RUN,,NOT_AVAILABLE,,,,,,
JacksonDatabind,68,11,NOT_RUN,,NOT_RUN,,NOT_AVAILABLE,,,,,,
JacksonDatabind,69,0,NOT_RUN,,NOT_RUN,,NOT_AVAILABLE,,,,,,
JacksonDatabind,7,11,NOT_RUN,,NOT_RUN,,NOT_AVAILABLE,,,,,,
JacksonDatabind,70,9,NOT_RUN,,NOT_RUN,,NOT_AVAILABLE,,,,,,
JacksonDatabind,71,16,FAIL,1,FAIL,1,INCONCLUSIVE,149,87,58.39,95,62,65.26
JacksonDatabind,72,3,NOT_RUN,,NOT_RUN,,NOT_AVAILABLE,,,,,,
JacksonDatabind,73,2,PASS,0,PASS,0,NOT_REVEALING,928,3,0.32,716,0,0.0
JacksonDatabind,74,5,PASS,0,PASS,0,NOT_REVEALING,60,32,53.33,32,11,34.38
JacksonDatabind,75,6,NOT_RUN,,NOT_RUN,,NOT_AVAILABLE,,,,,,
JacksonDatabind,76,0,FAIL,3,FAIL,3,INCONCLUSIVE,320,1,0.31,168,0,0.0
JacksonDatabind,77,6,NOT_RUN,,NOT_RUN,,NOT_AVAILABLE,,,,,,
JacksonDatabind,78,7,NOT_RUN,,NOT_RUN,,NOT_AVAILABLE,,,,,,
JacksonDatabind,79,58,NOT_RUN,,NOT_RUN,,NOT_AVAILABLE,,,,,,
JacksonDatabind,8,4,PASS,0,PASS,0,NOT_REVEALING,116,58,50.0,64,13,20.31
JacksonDatabind,80,6,NOT_RUN,,NOT_RUN,,NOT_AVAILABLE,,,,,,
JacksonDatabind,81,41,NOT_RUN,,NOT_RUN,,NOT_AVAILABLE,,,,,,
JacksonDatabind,82,6,FAIL,1,FAIL,1,INCONCLUSIVE,355,26,7.32,212,5,2.36
JacksonDatabind,83,16,PASS,0,PASS,0,NOT_REVEALING,122,80,65.57,88,61,69.32
JacksonDatabind,84,7,FAIL,1,FAIL,1,INCONCLUSIVE,30,25,83.33,14,5,35.71
JacksonDatabind,85,5,NOT_RUN,,NOT_RUN,,NOT_AVAILABLE,,,,,,
JacksonDatabind,86,8,FAIL,1,FAIL,1,INCONCLUSIVE,30,25,83.33,14,5,35.71
JacksonDatabind,87,17,NOT_RUN,,NOT_RUN,,NOT_AVAILABLE,,,,,,
JacksonDatabind,88,14,NOT_RUN,,NOT_RUN,,NOT_AVAILABLE,,,,,,
JacksonDatabind,9,5,NOT_RUN,,NOT_RUN,,NOT_AVAILABLE,,,,,,
JacksonDatabind,90,6,FAIL,1,FAIL,1,INCONCLUSIVE,219,29,13.24,104,20,19.23
JacksonDatabind,91,4,NOT_RUN,,NOT_RUN,,NOT_AVAILABLE,,,,,,
JacksonDatabind,92,5,NOT_RUN,,NOT_RUN,,NOT_AVAILABLE,,,,,,
JacksonDatabind,93,5,PASS,0,PASS,0,NOT_REVEALING,36,28,77.78,10,2,20.0
JacksonDatabind,94,5,PASS,0,PASS,0,NOT_REVEALING,35,27,77.14,14,4,28.57
JacksonDatabind,95,11,FAIL,2,FAIL,2,INCONCLUSIVE,459,314,68.41,271,155,57.2
JacksonDatabind,96,10,NOT_RUN,,NOT_RUN,,NOT_AVAILABLE,,,,,,
JacksonDatabind,97,15,FAIL,3,FAIL,3,INCONCLUSIVE,41,35,85.37,34,29,85.29
JacksonDatabind,98,4,PASS,0,PASS,0,NOT_REVEALING,207,32,15.46,92,3,3.26
JacksonDatabind,99,0,NOT_RUN,,NOT_RUN,,NOT_AVAILABLE,,,,,,
JacksonXml,1,11,NOT_RUN,,NOT_RUN,,NOT_AVAILABLE,,,,,,
JacksonXml,2,7,FAIL,6,FAIL,6,INCONCLUSIVE,170,6,3.53,74,1,1.35
JacksonXml,3,9,FAIL,7,FAIL,7,INCONCLUSIVE,295,13,4.41,151,1,0.66
JacksonXml,4,9,NOT_RUN,,NOT_RUN,,NOT_AVAILABLE,,,,,,
JacksonXml,5,7,NOT_RUN,,NOT_RUN,,NOT_AVAILABLE,,,,,,
JacksonXml,6,11,NOT_RUN,,NOT_RUN,,NOT_AVAILABLE,,,,,,
Jsoup,1,10,PASS,0,PASS,0,NOT_REVEALING,46,46,100.0,18,18,100.0
Jsoup,10,20,NOT_RUN,,NOT_RUN,,NOT_AVAILABLE,,,,,,
Jsoup,11,21,FAIL,1,FAIL,1,INCONCLUSIVE,198,183,92.42,120,100,83.33
Jsoup,12,33,NOT_RUN,,NOT_RUN,,NOT_AVAILABLE,,,,,,
Jsoup,13,17,NOT_RUN,,NOT_RUN,,NOT_AVAILABLE,,,,,,
Jsoup,14,7,FAIL,1,FAIL,1,INCONCLUSIVE,1313,190,14.47,430,15,3.49
Jsoup,15,34,NOT_RUN,,NOT_RUN,,NOT_AVAILABLE,,,,,,
Jsoup,16,6,PASS,0,FAIL,2,INCONCLUSIVE,14,14,100.0,4,4,100.0
Jsoup,17,106,NOT_RUN,,NOT_RUN,,NOT_AVAILABLE,,,,,,
Jsoup,18,21,FAIL,3,FAIL,3,INCONCLUSIVE,97,95,97.94,82,66,80.49
Jsoup,19,13,FAIL,3,PASS,0,REVEALING,147,139,94.56,52,37,71.15
Jsoup,2,13,FAIL,2,FAIL,2,INCONCLUSIVE,162,160,98.77,86,77,89.53
Jsoup,20,12,PASS,0,PASS,0,NOT_REVEALING,44,40,90.91,22,17,77.27
Jsoup,21,6,FAIL,1,FAIL,1,INCONCLUSIVE,189,29,15.34,96,10,10.42
Jsoup,22,16,NOT_RUN,,NOT_RUN,,NOT_AVAILABLE,,,,,,
Jsoup,23,19,FAIL,2,FAIL,2,INCONCLUSIVE,217,98,45.16,152,67,44.08
Jsoup,24,17,NOT_RUN,,NOT_RUN,,NOT_AVAILABLE,,,,,,
Jsoup,25,11,NOT_RUN,,NOT_RUN,,NOT_AVAILABLE,,,,,,
Jsoup,26,10,PASS,0,PASS,0,NOT_REVEALING,49,49,100.0,14,14,100.0
Jsoup,27,10,NOT_RUN,,NOT_RUN,,NOT_AVAILABLE,,,,,,
Jsoup,28,11,PASS,0,FAIL,2,INCONCLUSIVE,237,84,35.44,108,27,25.0
Jsoup,29,13,FAIL,3,FAIL,3,INCONCLUSIVE,117,105,89.74,36,32,88.89
Jsoup,3,11,FAIL,3,FAIL,3,INCONCLUSIVE,593,454,76.56,294,140,47.62
Jsoup,30,10,NOT_RUN,,NOT_RUN,,NOT_AVAILABLE,,,,,,
Jsoup,31,9,FAIL,2,FAIL,2,INCONCLUSIVE,1357,101,7.44,409,21,5.13
Jsoup,32,11,FAIL,4,FAIL,4,INCONCLUSIVE,303,249,82.18,140,90,64.29
Jsoup,33,13,NOT_RUN,,NOT_RUN,,NOT_AVAILABLE,,,,,,
Jsoup,34,26,FAIL,6,FAIL,6,INCONCLUSIVE,136,134,98.53,130,110,84.62
Jsoup,35,118,NOT_RUN,,NOT_RUN,,NOT_AVAILABLE,,,,,,
Jsoup,36,17,PASS,0,PASS,0,NOT_REVEALING,60,56,93.33,38,30,78.95
Jsoup,37,14,FAIL,2,FAIL,2,INCONCLUSIVE,307,267,86.97,152,89,58.55
Jsoup,38,9,NOT_RUN,,NOT_RUN,,NOT_AVAILABLE,,,,,,
Jsoup,39,14,PASS,0,PASS,0,NOT_REVEALING,75,60,80.0,46,33,71.74
Jsoup,4,10,NOT_RUN,,NOT_RUN,,NOT_AVAILABLE,,,,,,
Jsoup,40,8,PASS,0,FAIL,1,INCONCLUSIVE,17,17,100.0,6,5,83.33
Jsoup,41,28,FAIL,2,FAIL,3,INCONCLUSIVE,326,311,95.4,174,119,68.39
Jsoup,42,10,PASS,0,PASS,0,NOT_REVEALING,40,40,100.0,24,24,100.0
Jsoup,43,22,FAIL,2,FAIL,2,INCONCLUSIVE,328,289,88.11,174,99,56.9
Jsoup,44,9,PASS,0,PASS,0,NOT_REVEALING,30,30,100.0,4,4,100.0
Jsoup,45,19,NOT_RUN,,NOT_RUN,,NOT_AVAILABLE,,,,,,
Jsoup,46,11,FAIL,1,FAIL,2,INCONCLUSIVE,118,107,90.68,51,41,80.39
Jsoup,47,10,FAIL,1,FAIL,1,INCONCLUSIVE,118,107,90.68,51,40,78.43
Jsoup,48,11,NOT_RUN,,NOT_RUN,,NOT_AVAILABLE,,,,,,
Jsoup,49,11,FAIL,2,FAIL,2,INCONCLUSIVE,231,168,72.73,102,63,61.76
Jsoup,5,15,FAIL,1,FAIL,1,INCONCLUSIVE,172,168,97.67,92,78,84.78
Jsoup,50,19,NOT_RUN,,NOT_RUN,,NOT_AVAILABLE,,,,,,
Jsoup,51,25,FAIL,2,FAIL,2,INCONCLUSIVE,195,189,96.92,186,157,84.41
Jsoup,52,17,FAIL,2,FAIL,1,INCONCLUSIVE,195,149,76.41,123,66,53.66
Jsoup,53,17,PASS,0,PASS,0,NOT_REVEALING,130,127,97.69,108,94,87.04
Jsoup,54,7,NOT_RUN,,NOT_RUN,,NOT_AVAILABLE,,,,,,
Jsoup,55,12,PASS,0,PASS,0,NOT_REVEALING,1148,145,12.63,325,0,0.0
Jsoup,56,10,FAIL,1,FAIL,1,INCONCLUSIVE,2495,19,0.76,1169,14,1.2
Jsoup,57,15,FAIL,2,FAIL,1,INCONCLUSIVE,127,120,94.49,76,70,92.11
Jsoup,58,15,FAIL,1,FAIL,1,INCONCLUSIVE,127,107,84.25,32,26,81.25
Jsoup,59,11,FAIL,2,FAIL,2,INCONCLUSIVE,160,148,92.5,44,31,70.45
Jsoup,6,12,FAIL,1,FAIL,1,INCONCLUSIVE,,,,,,
Jsoup,60,33,FAIL,1,FAIL,1,INCONCLUSIVE,365,133,36.44,258,105,40.7
Jsoup,61,22,FAIL,4,FAIL,4,INCONCLUSIVE,352,307,87.22,184,121,65.76
Jsoup,62,28,NOT_RUN,,NOT_RUN,,NOT_AVAILABLE,,,,,,
Jsoup,63,18,NOT_RUN,,NOT_RUN,,NOT_AVAILABLE,,,,,,
Jsoup,64,10,NOT_RUN,,NOT_RUN,,NOT_AVAILABLE,,,,,,
Jsoup,65,14,NOT_RUN,,NOT_RUN,,NOT_AVAILABLE,,,,,,
Jsoup,66,21,FAIL,5,FAIL,5,INCONCLUSIVE,390,306,78.46,204,134,65.69
Jsoup,67,22,NOT_RUN,,NOT_RUN,,NOT_AVAILABLE,,,,,,
Jsoup,68,19,NOT_RUN,,NOT_RUN,,NOT_AVAILABLE,,,,,,
Jsoup,69,9,PASS,0,PASS,0,NOT_REVEALING,39,39,100.0,28,28,100.0
Jsoup,7,11,PASS,0,PASS,0,NOT_REVEALING,80,80,100.0,26,22,84.62
Jsoup,70,19,FAIL,5,FAIL,5,INCONCLUSIVE,394,286,72.59,206,113,54.85
Jsoup,71,21,NOT_RUN,,NOT_RUN,,NOT_AVAILABLE,,,,,,
Jsoup,72,16,FAIL,4,FAIL,4,INCONCLUSIVE,228,155,67.98,198,93,46.97
Jsoup,73,4,FAIL,1,FAIL,1,INCONCLUSIVE,71,67,94.37,28,25,89.29
Jsoup,74,15,FAIL,1,FAIL,1,INCONCLUSIVE,83,71,85.54,74,69,93.24
Jsoup,75,16,FAIL,1,FAIL,1,INCONCLUSIVE,168,163,97.02,84,68,80.95
Jsoup,76,39,NOT_RUN,,NOT_RUN,,NOT_AVAILABLE,,,,,,
Jsoup,77,16,NOT_RUN,,NOT_RUN,,NOT_AVAILABLE,,,,,,
Jsoup,78,18,PASS,0,PASS,0,NOT_REVEALING,109,95,87.16,88,44,50.0
Jsoup,79,8,NOT_RUN,,NOT_RUN,,NOT_AVAILABLE,,,,,,
Jsoup,8,12,FAIL,5,FAIL,4,INCONCLUSIVE,139,87,62.59,40,21,52.5
Jsoup,80,14,NOT_RUN,,NOT_RUN,,NOT_AVAILABLE,,,,,,
Jsoup,81,18,PASS,0,PASS,0,NOT_REVEALING,117,106,90.6,94,55,58.51
Jsoup,82,14,PASS,0,PASS,0,NOT_REVEALING,113,98,86.73,96,57,59.38
Jsoup,83,22,FAIL,1,FAIL,1,INCONCLUSIVE,1393,199,14.29,533,129,24.2
Jsoup,84,5,FAIL,1,FAIL,1,INCONCLUSIVE,76,72,94.74,28,26,92.86
Jsoup,85,13,FAIL,2,FAIL,1,INCONCLUSIVE,65,60,92.31,50,34,68.0
Jsoup,86,10,NOT_RUN,,NOT_RUN,,NOT_AVAILABLE,,,,,,
Jsoup,87,17,FAIL,4,FAIL,4,INCONCLUSIVE,2006,586,29.21,1259,178,14.14
Jsoup,88,12,PASS,0,PASS,0,NOT_REVEALING,66,61,92.42,50,36,72.0
Jsoup,89,17,NOT_RUN,,NOT_RUN,,NOT_AVAILABLE,,,,,,
Jsoup,9,11,PASS,0,PASS,0,NOT_REVEALING,,,,,,
Jsoup,90,24,NOT_RUN,,NOT_RUN,,NOT_AVAILABLE,,,,,,
Jsoup,91,4,FAIL,1,NOT_RUN,,NOT_AVAILABLE,249,3,1.2,190,0,0.0
Jsoup,92,15,NOT_RUN,,NOT_RUN,,NOT_AVAILABLE,,,,,,
Jsoup,93,8,FAIL,1,FAIL,1,INCONCLUSIVE,42,40,95.24,28,27,96.43
JxPath,1,19,NOT_RUN,,NOT_RUN,,NOT_AVAILABLE,,,,,,
JxPath,10,7,NOT_RUN,,NOT_RUN,,NOT_AVAILABLE,,,,,,
JxPath,11,0,FAIL,7,FAIL,7,INCONCLUSIVE,110,0,0.0,84,0,0.0
JxPath,12,0,NOT_RUN,,NOT_RUN,,NOT_AVAILABLE,,,,,,
JxPath,13,0,NOT_RUN,,NOT_RUN,,NOT_AVAILABLE,,,,,,
JxPath,14,0,NOT_RUN,,NOT_RUN,,NOT_AVAILABLE,,,,,,
JxPath,15,4,NOT_RUN,,NOT_RUN,,NOT_AVAILABLE,,,,,,
JxPath,16,8,NOT_RUN,,NOT_RUN,,NOT_AVAILABLE,,,,,,
JxPath,17,0,NOT_RUN,,NOT_RUN,,NOT_AVAILABLE,,,,,,
JxPath,18,5,FAIL,1,FAIL,2,INCONCLUSIVE,29,21,72.41,14,6,42.86
JxPath,19,0,NOT_RUN,,NOT_RUN,,NOT_AVAILABLE,,,,,,
JxPath,2,0,NOT_RUN,,NOT_RUN,,NOT_AVAILABLE,,,,,,
JxPath,20,0,NOT_RUN,,NOT_RUN,,NOT_AVAILABLE,,,,,,
JxPath,21,0,NOT_RUN,,NOT_RUN,,NOT_AVAILABLE,,,,,,
JxPath,22,0,NOT_RUN,,NOT_RUN,,NOT_AVAILABLE,,,,,,
JxPath,3,0,FAIL,1,FAIL,1,INCONCLUSIVE,77,61,79.22,26,17,65.38
JxPath,4,0,FAIL,24,FAIL,24,INCONCLUSIVE,750,0,0.0,546,0,0.0
JxPath,5,0,NOT_RUN,,NOT_RUN,,NOT_AVAILABLE,,,,,,
JxPath,6,0,NOT_RUN,,NOT_RUN,,NOT_AVAILABLE,,,,,,
JxPath,7,0,PASS,0,PASS,0,NOT_REVEALING,28,8,28.57,8,2,25.0
JxPath,8,8,NOT_RUN,,NOT_RUN,,NOT_AVAILABLE,,,,,,
JxPath,9,7,NOT_RUN,,NOT_RUN,,NOT_AVAILABLE,,,,,,
Lang,1,60,FAIL,1,FAIL,1,INCONCLUSIVE,375,329,87.73,338,250,73.96
Lang,10,13,PASS,0,PASS,0,NOT_REVEALING,279,246,88.17,127,103,81.1
Lang,11,18,PASS,0,PASS,0,NOT_REVEALING,56,48,85.71,54,43,79.63
Lang,12,16,PASS,0,PASS,0,NOT_REVEALING,52,50,96.15,48,46,95.83
Lang,13,11,NOT_RUN,,NOT_RUN,,NOT_AVAILABLE,,,,,,
Lang,14,59,NOT_RUN,,NOT_RUN,,NOT_AVAILABLE,,,,,,
Lang,15,10,FAIL,1,FAIL,1,INCONCLUSIVE,299,72,24.08,284,64,22.54
Lang,16,59,FAIL,2,FAIL,2,INCONCLUSIVE,375,328,87.47,358,251,70.11
Lang,17,10,FAIL,1,FAIL,1,INCONCLUSIVE,33,31,93.94,14,14,100.0
Lang,19,9,FAIL,2,FAIL,1,INCONCLUSIVE,27,27,100.0,18,17,94.44
Lang,20,42,NOT_RUN,,NOT_RUN,,NOT_AVAILABLE,,,,,,
Lang,21,53,FAIL,1,FAIL,1,INCONCLUSIVE,319,296,92.79,218,185,84.86
Lang,22,18,FAIL,2,FAIL,2,INCONCLUSIVE,278,251,90.29,188,149,79.26
Lang,23,18,FAIL,3,FAIL,3,INCONCLUSIVE,167,129,77.25,99,56,56.57
Lang,24,36,FAIL,1,FAIL,1,INCONCLUSIVE,376,356,94.68,356,293,82.3
Lang,26,24,FAIL,1,FAIL,1,INCONCLUSIVE,465,431,92.69,228,181,79.39
Lang,27,36,FAIL,2,FAIL,2,INCONCLUSIVE,374,304,81.28,352,246,69.89
Lang,28,8,NOT_RUN,,NOT_RUN,,NOT_AVAILABLE,,,,,,
Lang,29,14,FAIL,1,FAIL,1,INCONCLUSIVE,141,132,93.62,50,40,80.0
Lang,3,20,FAIL,3,FAIL,3,INCONCLUSIVE,373,301,80.7,334,195,58.38
Lang,30,56,NOT_RUN,,NOT_RUN,,NOT_AVAILABLE,,,,,,
Lang,31,71,NOT_RUN,,NOT_RUN,,NOT_AVAILABLE,,,,,,
Lang,32,31,PASS,0,PASS,0,NOT_REVEALING,146,126,86.3,86,67,77.91
Lang,33,24,NOT_RUN,,NOT_RUN,,NOT_AVAILABLE,,,,,,
Lang,34,8,PASS,0,PASS,0,NOT_REVEALING,515,455,88.35,216,146,67.59
Lang,35,33,NOT_RUN,,NOT_RUN,,NOT_AVAILABLE,,,,,,
Lang,36,45,FAIL,4,FAIL,4,INCONCLUSIVE,370,341,92.16,344,271,78.78
Lang,37,27,FAIL,3,FAIL,3,INCONCLUSIVE,951,806,84.75,804,603,75.0
Lang,38,23,FAIL,1,FAIL,1,INCONCLUSIVE,464,427,92.03,228,179,78.51
Lang,39,68,FAIL,12,FAIL,12,INCONCLUSIVE,1126,947,84.1,1005,848,84.38
Lang,4,9,PASS,0,PASS,0,NOT_REVEALING,25,25,100.0,14,14,100.0
Lang,40,52,NOT_RUN,,NOT_RUN,,NOT_AVAILABLE,,,,,,
Lang,41,23,NOT_RUN,,NOT_RUN,,NOT_AVAILABLE,,,,,,
Lang,42,0,NOT_RUN,,NOT_RUN,,NOT_AVAILABLE,,,,,,
Lang,43,0,NOT_RUN,,NOT_RUN,,NOT_AVAILABLE,,,,,,
Lang,44,0,FAIL,2,FAIL,2,INCONCLUSIVE,190,171,90.0,216,160,74.07
Lang,45,0,FAIL,2,FAIL,2,INCONCLUSIVE,138,126,91.3,102,93,91.18
Lang,46,0,NOT_RUN,,NOT_RUN,,NOT_AVAILABLE,,,,,,
Lang,47,18,NOT_RUN,,NOT_RUN,,NOT_AVAILABLE,,,,,,
Lang,49,0,NOT_RUN,,NOT_RUN,,NOT_AVAILABLE,,,,,,
Lang,5,14,PASS,0,PASS,0,NOT_REVEALING,82,82,100.0,56,55,98.21
Lang,50,0,FAIL,2,FAIL,2,INCONCLUSIVE,467,426,91.22,232,182,78.45
Lang,51,33,NOT_RUN,,NOT_RUN,,NOT_AVAILABLE,,,,,,
Lang,52,26,FAIL,3,FAIL,3,INCONCLUSIVE,175,131,74.86,84,69,82.14
Lang,53,12,FAIL,1,FAIL,1,INCONCLUSIVE,217,209,96.31,175,153,87.43
Lang,54,0,PASS,0,PASS,0,NOT_REVEALING,79,79,100.0,64,58,90.62
Lang,55,0,PASS,0,PASS,0,NOT_REVEALING,57,56,98.25,26,24,92.31
Lang,56,18,FAIL,1,FAIL,1,INCONCLUSIVE,464,414,89.22,232,167,71.98
Lang,57,24,PASS,0,PASS,0,NOT_REVEALING,79,79,100.0,64,60,93.75
Lang,58,17,FAIL,1,FAIL,1,INCONCLUSIVE,435,390,89.66,420,345,82.14
Lang,59,24,NOT_RUN,,NOT_RUN,,NOT_AVAILABLE,,,,,,
Lang,6,9,FAIL,2,FAIL,2,INCONCLUSIVE,30,28,93.33,12,12,100.0
Lang,60,22,FAIL,4,FAIL,4,INCONCLUSIVE,656,571,87.04,464,324,69.83
Lang,61,19,NOT_RUN,,NOT_RUN,,NOT_AVAILABLE,,,,,,
Lang,62,12,FAIL,2,FAIL,2,INCONCLUSIVE,241,232,96.27,90,87,96.67
Lang,63,0,PASS,0,PASS,0,NOT_REVEALING,252,223,88.49,135,116,85.93
Lang,64,0,PASS,0,PASS,0,NOT_REVEALING,18,18,100.0,8,7,87.5
Lang,65,11,FAIL,1,FAIL,1,INCONCLUSIVE,195,188,96.41,149,132,88.59
Lang,7,20,FAIL,2,FAIL,2,INCONCLUSIVE,380,280,73.68,366,205,56.01
Lang,8,16,FAIL,2,FAIL,2,INCONCLUSIVE,337,315,93.47,150,127,84.67
Lang,9,17,FAIL,1,FAIL,1,INCONCLUSIVE,273,246,90.11,123,104,84.55
Math,1,38,FAIL,1,FAIL,1,INCONCLUSIVE,425,228,53.65,192,92,47.92
Math,10,24,NOT_RUN,,NOT_RUN,,NOT_AVAILABLE,,,,,,
Math,100,0,NOT_RUN,,NOT_RUN,,NOT_AVAILABLE,,,,,,
Math,101,32,PASS,0,PASS,0,NOT_REVEALING,143,143,100.0,52,51,98.08
Math,102,26,PASS,0,PASS,0,NOT_REVEALING,111,110,99.1,86,75,87.21
Math,103,14,PASS,0,PASS,0,NOT_REVEALING,37,37,100.0,14,14,100.0
Math,104,0,PASS,0,PASS,0,NOT_REVEALING,47,44,93.62,40,37,92.5
Math,105,0,FAIL,2,FAIL,2,INCONCLUSIVE,71,71,100.0,18,18,100.0
Math,106,0,PASS,0,PASS,0,NOT_REVEALING,57,56,98.25,15,14,93.33
Math,11,9,FAIL,1,FAIL,1,INCONCLUSIVE,59,59,100.0,28,28,100.0
Math,12,13,PASS,0,PASS,0,NOT_REVEALING,48,48,100.0,14,13,92.86
Math,13,6,NOT_RUN,,NOT_RUN,,NOT_AVAILABLE,,,,,,
Math,14,3,NOT_RUN,,NOT_RUN,,NOT_AVAILABLE,,,,,,
Math,15,38,NOT_RUN,,NOT_RUN,,NOT_AVAILABLE,,,,,,
Math,16,37,FAIL,7,FAIL,7,INCONCLUSIVE,1484,1146,77.22,790,489,61.9
Math,17,10,FAIL,4,FAIL,4,INCONCLUSIVE,1029,726,70.55,738,453,61.38
Math,18,13,PASS,0,PASS,0,NOT_REVEALING,510,468,91.76,276,223,80.8
Math,19,11,PASS,0,PASS,0,NOT_REVEALING,501,454,90.62,272,214,78.68
Math,2,10,PASS,0,PASS,0,NOT_REVEALING,74,74,100.0,26,26,100.0
Math,20,12,NOT_RUN,,NOT_RUN,,NOT_AVAILABLE,,,,,,
Math,21,5,PASS,0,PASS,0,NOT_REVEALING,52,52,100.0,28,28,100.0
Math,22,10,PASS,0,FAIL,1,INCONCLUSIVE,86,53,61.63,22,12,54.55
Math,23,9,NOT_RUN,,NOT_RUN,,NOT_AVAILABLE,,,,,,
Math,24,8,FAIL,1,FAIL,1,INCONCLUSIVE,120,113,94.17,74,61,82.43
Math,25,6,FAIL,1,FAIL,3,INCONCLUSIVE,94,79,84.04,28,18,64.29
Math,26,29,NOT_RUN,,NOT_RUN,,NOT_AVAILABLE,,,,,,
Math,27,29,FAIL,1,FAIL,1,INCONCLUSIVE,183,175,95.63,94,83,88.3
Math,28,5,PASS,0,PASS,0,NOT_REVEALING,79,59,74.68,48,26,54.17
Math,29,15,FAIL,1,FAIL,1,INCONCLUSIVE,321,288,89.72,134,115,85.82
Math,3,42,NOT_RUN,,NOT_RUN,,NOT_AVAILABLE,,,,,,
Math,30,10,PASS,0,PASS,0,NOT_REVEALING,34,34,100.0,10,10,100.0
Math,31,8,FAIL,2,FAIL,3,INCONCLUSIVE,59,58,98.31,30,24,80.0
Math,32,8,NOT_RUN,,NOT_RUN,,NOT_AVAILABLE,,,,,,
Math,33,6,FAIL,2,FAIL,2,INCONCLUSIVE,185,153,82.7,124,90,72.58
Math,34,20,NOT_RUN,,NOT_RUN,,NOT_AVAILABLE,,,,,,
Math,35,6,NOT_RUN,,NOT_RUN,,NOT_AVAILABLE,,,,,,
Math,36,41,FAIL,2,FAIL,2,INCONCLUSIVE,230,216,93.91,92,79,85.87
Math,37,16,FAIL,2,FAIL,2,INCONCLUSIVE,220,212,96.36,158,134,84.81
Math,38,6,FAIL,3,PASS,0,REVEALING,1200,168,14.0,624,65,10.42
Math,39,3,FAIL,2,FAIL,2,INCONCLUSIVE,107,81,75.7,48,22,45.83
Math,4,6,FAIL,1,PASS,0,REVEALING,84,25,29.76,44,8,18.18
Math,40,15,PASS,0,PASS,0,NOT_REVEALING,126,103,81.75,66,44,66.67
Math,41,11,FAIL,2,FAIL,2,INCONCLUSIVE,112,106,94.64,46,35,76.09
Math,42,7,FAIL,2,FAIL,2,INCONCLUSIVE,183,169,92.35,120,99,82.5
Math,43,20,FAIL,4,FAIL,3,INCONCLUSIVE,192,162,84.38,58,38,65.52
Math,44,8,NOT_RUN,,NOT_RUN,,NOT_AVAILABLE,,,,,,
Math,45,9,PASS,0,PASS,0,NOT_REVEALING,97,97,100.0,22,22,100.0
Math,46,15,PASS,0,FAIL,1,INCONCLUSIVE,202,199,98.51,148,131,88.51
Math,47,16,PASS,0,FAIL,1,INCONCLUSIVE,201,199,99.0,142,124,87.32
Math,48,5,FAIL,1,FAIL,1,INCONCLUSIVE,73,62,84.93,46,28,60.87
Math,49,15,NOT_RUN,,NOT_RUN,,NOT_AVAILABLE,,,,,,
Math,5,18,FAIL,1,FAIL,2,INCONCLUSIVE,226,219,96.9,170,147,86.47
Math,50,5,PASS,0,PASS,0,NOT_REVEALING,75,58,77.33,48,20,41.67
Math,51,6,FAIL,1,FAIL,1,INCONCLUSIVE,71,61,85.92,45,25,55.56
Math,52,21,PASS,0,PASS,0,NOT_REVEALING,367,331,90.19,122,86,70.49
Math,53,15,PASS,0,PASS,0,NOT_REVEALING,170,168,98.82,114,107,93.86
Math,54,5,NOT_RUN,,NOT_RUN,,NOT_AVAILABLE,,,,,,
Math,55,9,PASS,0,PASS,0,NOT_REVEALING,116,110,94.83,48,30,62.5
Math,56,12,FAIL,1,FAIL,1,INCONCLUSIVE,75,73,97.33,34,32,94.12
Math,57,6,NOT_RUN,,NOT_RUN,,NOT_AVAILABLE,,,,,,
Math,58,8,NOT_RUN,,NOT_RUN,,NOT_AVAILABLE,,,,,,
Math,59,26,NOT_RUN,,NOT_RUN,,NOT_AVAILABLE,,,,,,
Math,6,7,FAIL,1,FAIL,2,INCONCLUSIVE,1204,30,2.49,587,5,0.85
Math,60,14,PASS,0,PASS,0,NOT_REVEALING,47,41,87.23,18,14,77.78
Math,61,7,PASS,0,PASS,0,NOT_REVEALING,34,34,100.0,12,12,100.0
Math,62,6,PASS,0,PASS,0,NOT_REVEALING,47,47,100.0,18,17,94.44
Math,63,36,FAIL,7,FAIL,8,INCONCLUSIVE,518,430,83.01,441,348,78.91
Math,64,5,NOT_RUN,,NOT_RUN,,NOT_AVAILABLE,,,,,,
Math,65,8,FAIL,1,FAIL,1,INCONCLUSIVE,96,90,93.75,30,27,90.0
Math,66,10,FAIL,3,FAIL,4,INCONCLUSIVE,102,100,98.04,58,52,89.66
Math,67,8,FAIL,2,FAIL,2,INCONCLUSIVE,93,87,93.55,34,32,94.12
Math,68,1,PASS,0,PASS,0,NOT_REVEALING,332,15,4.52,196,0,0.0
Math,69,15,PASS,0,PASS,0,NOT_REVEALING,75,75,100.0,30,29,96.67
Math,7,10,FAIL,1,FAIL,1,INCONCLUSIVE,130,51,39.23,50,10,20.0
Math,70,6,PASS,0,PASS,0,NOT_REVEALING,23,23,100.0,6,6,100.0
Math,71,3,NOT_RUN,,NOT_RUN,,NOT_AVAILABLE,,,,,,
Math,72,11,FAIL,2,PASS,0,REVEALING,107,101,94.39,54,48,88.89
Math,73,17,FAIL,2,FAIL,2,INCONCLUSIVE,104,94,90.38,52,43,82.69
Math,74,0,FAIL,1,FAIL,1,INCONCLUSIVE,122,112,91.8,54,41,75.93
Math,75,15,NOT_RUN,,NOT_RUN,,NOT_AVAILABLE,,,,,,
Math,76,6,NOT_RUN,,NOT_RUN,,NOT_AVAILABLE,,,,,,
Math,77,18,PASS,0,PASS,0,NOT_REVEALING,799,331,41.43,338,141,41.72
Math,78,6,NOT_RUN,,NOT_RUN,,NOT_AVAILABLE,,,,,,
Math,79,46,FAIL,6,FAIL,6,INCONCLUSIVE,420,357,85.0,345,290,84.06
Math,8,9,PASS,0,NOT_RUN,,NOT_AVAILABLE,40,39,97.5,24,23,95.83
Math,80,8,PASS,0,PASS,0,NOT_REVEALING,855,323,37.78,414,104,25.12
Math,81,12,NOT_RUN,,NOT_RUN,,NOT_AVAILABLE,,,,,,
Math,82,6,PASS,0,PASS,0,NOT_REVEALING,60,57,95.0,36,33,91.67
Math,83,7,FAIL,1,FAIL,1,INCONCLUSIVE,155,11,7.1,92,7,7.61
Math,84,5,NOT_RUN,,NOT_RUN,,NOT_AVAILABLE,,,,,,
Math,85,13,PASS,0,PASS,0,NOT_REVEALING,38,36,94.74,22,19,86.36
Math,86,5,NOT_RUN,,NOT_RUN,,NOT_AVAILABLE,,,,,,
Math,87,9,NOT_RUN,,NOT_RUN,,NOT_AVAILABLE,,,,,,
Math,88,6,FAIL,2,FAIL,2,INCONCLUSIVE,152,11,7.24,94,6,6.38
Math,89,12,FAIL,1,FAIL,1,INCONCLUSIVE,108,102,94.44,32,28,87.5
Math,9,12,PASS,0,PASS,0,NOT_REVEALING,46,45,97.83,16,15,93.75
Math,90,12,FAIL,1,FAIL,1,INCONCLUSIVE,106,104,98.11,32,30,93.75
Math,91,0,FAIL,2,FAIL,2,INCONCLUSIVE,163,154,94.48,90,79,87.78
Math,92,38,FAIL,3,FAIL,3,INCONCLUSIVE,231,218,94.37,223,210,94.17
Math,93,38,FAIL,3,FAIL,3,INCONCLUSIVE,226,180,79.65,217,182,83.87
Math,94,39,FAIL,7,FAIL,6,INCONCLUSIVE,225,182,80.89,215,184,85.58
Math,95,0,FAIL,1,PASS,0,REVEALING,30,30,100.0,10,10,100.0
Math,96,20,PASS,0,PASS,0,NOT_REVEALING,142,138,97.18,102,91,89.22
Math,97,14,FAIL,3,FAIL,2,INCONCLUSIVE,89,85,95.51,46,40,86.96
Math,98,0,NOT_RUN,,NOT_RUN,,NOT_AVAILABLE,,,,,,
Math,99,33,NOT_RUN,,NOT_RUN,,NOT_AVAILABLE,,,,,,
Mockito,1,9,NOT_RUN,,NOT_RUN,,NOT_AVAILABLE,,,,,,
Mockito,10,5,NOT_RUN,,NOT_RUN,,NOT_AVAILABLE,,,,,,
Mockito,11,3,FAIL,1,FAIL,1,INCONCLUSIVE,14,13,92.86,6,2,33.33
Mockito,12,6,FAIL,1,PASS,0,REVEALING,6,6,100.0,4,3,75.0
Mockito,13,5,PASS,0,PASS,0,NOT_REVEALING,40,17,42.5,10,0,0.0
Mockito,14,5,PASS,0,PASS,0,NOT_REVEALING,106,17,16.04,32,0,0.0
Mockito,15,4,PASS,0,PASS,0,NOT_REVEALING,13,13,100.0,2,2,100.0
Mockito,16,8,NOT_RUN,,NOT_RUN,,NOT_AVAILABLE,,,,,,
Mockito,17,11,PASS,0,FAIL,2,INCONCLUSIVE,61,24,39.34,32,13,40.62
Mockito,18,4,PASS,0,PASS,0,NOT_REVEALING,44,34,77.27,38,30,78.95
Mockito,19,4,PASS,0,NOT_RUN,,NOT_AVAILABLE,74,14,18.92,26,3,11.54
Mockito,2,6,FAIL,1,FAIL,1,INCONCLUSIVE,9,9,100.0,6,3,50.0
Mockito,20,4,NOT_RUN,,NOT_RUN,,NOT_AVAILABLE,,,,,,
Mockito,21,4,PASS,0,FAIL,1,INCONCLUSIVE,16,16,100.0,2,2,100.0
Mockito,22,17,PASS,0,PASS,0,NOT_REVEALING,13,12,92.31,24,24,100.0
Mockito,23,2,PASS,0,PASS,0,NOT_REVEALING,33,5,15.15,8,0,0.0
Mockito,24,3,PASS,0,PASS,0,NOT_REVEALING,44,34,77.27,36,30,83.33
Mockito,25,2,PASS,0,PASS,0,NOT_REVEALING,23,4,17.39,6,0,0.0
Mockito,26,6,FAIL,1,FAIL,1,INCONCLUSIVE,36,35,97.22,2,2,100.0
Mockito,27,7,FAIL,1,FAIL,1,INCONCLUSIVE,42,14,33.33,22,8,36.36
Mockito,28,4,FAIL,1,FAIL,1,INCONCLUSIVE,30,27,90.0,10,9,90.0
Mockito,29,5,PASS,0,PASS,0,NOT_REVEALING,15,15,100.0,6,6,100.0
Mockito,3,3,NOT_RUN,,NOT_RUN,,NOT_AVAILABLE,,,,,,
Mockito,30,48,FAIL,1,NOT_RUN,,NOT_AVAILABLE,112,85,75.89,14,7,50.0
Mockito,31,4,FAIL,2,FAIL,2,INCONCLUSIVE,19,18,94.74,6,6,100.0
Mockito,32,5,PASS,0,PASS,0,NOT_REVEALING,23,21,91.3,12,12,100.0
Mockito,33,8,NOT_RUN,,NOT_RUN,,NOT_AVAILABLE,,,,,,
Mockito,34,4,NOT_RUN,,NOT_RUN,,NOT_AVAILABLE,,,,,,
Mockito,35,9,NOT_RUN,,NOT_RUN,,NOT_AVAILABLE,,,,,,
Mockito,36,14,NOT_RUN,,NOT_RUN,,NOT_AVAILABLE,,,,,,
Mockito,37,6,PASS,0,PASS,0,NOT_REVEALING,27,16,59.26,26,11,42.31
Mockito,38,9,NOT_RUN,,NOT_RUN,,NOT_AVAILABLE,,,,,,
Mockito,4,58,NOT_RUN,,NOT_RUN,,NOT_AVAILABLE,,,,,,
Mockito,5,7,NOT_RUN,,NOT_RUN,,NOT_AVAILABLE,,,,,,
Mockito,6,10,FAIL,3,FAIL,3,INCONCLUSIVE,55,48,87.27,0,0,
Mockito,7,9,NOT_RUN,,NOT_RUN,,NOT_AVAILABLE,,,,,,
Mockito,8,9,FAIL,1,FAIL,1,INCONCLUSIVE,173,122,70.52,80,44,55.0
Mockito,9,3,PASS,0,FAIL,1,INCONCLUSIVE,2,2,100.0,0,0,
Time,1,0,NOT_RUN,,NOT_RUN,,NOT_AVAILABLE,,,,,,
Time,10,21,NOT_RUN,,NOT_RUN,,NOT_AVAILABLE,,,,,,
Time,11,15,NOT_RUN,,NOT_RUN,,NOT_AVAILABLE,,,,,,
Time,12,15,NOT_RUN,,NOT_RUN,,NOT_AVAILABLE,,,,,,
Time,13,24,FAIL,3,FAIL,3,INCONCLUSIVE,672,446,66.37,452,226,50.0
Time,14,0,NOT_RUN,,NOT_RUN,,NOT_AVAILABLE,,,,,,
Time,15,0,NOT_RUN,,NOT_RUN,,NOT_AVAILABLE,,,,,,
Time,16,0,NOT_RUN,,NOT_RUN,,NOT_AVAILABLE,,,,,,
Time,17,14,FAIL,4,FAIL,4,INCONCLUSIVE,343,256,74.64,162,93,57.41
Time,18,20,NOT_RUN,,NOT_RUN,,NOT_AVAILABLE,,,,,,
Time,19,16,NOT_RUN,,NOT_RUN,,NOT_AVAILABLE,,,,,,
Time,2,0,NOT_RUN,,NOT_RUN,,NOT_AVAILABLE,,,,,,
Time,20,13,FAIL,2,FAIL,2,INCONCLUSIVE,1033,327,31.66,589,130,22.07
Time,22,26,NOT_RUN,,NOT_RUN,,NOT_AVAILABLE,,,,,,
Time,23,23,NOT_RUN,,NOT_RUN,,NOT_AVAILABLE,,,,,,
Time,24,0,PASS,0,PASS,0,NOT_REVEALING,144,141,97.92,64,50,78.12
Time,25,24,FAIL,4,FAIL,4,INCONCLUSIVE,328,243,74.09,152,86,56.58
Time,26,17,NOT_RUN,,NOT_RUN,,NOT_AVAILABLE,,,,,,
Time,27,0,NOT_RUN,,NOT_RUN,,NOT_AVAILABLE,,,,,,
Time,3,12,NOT_RUN,,NOT_RUN,,NOT_AVAILABLE,,,,,,
Time,4,34,NOT_RUN,,NOT_RUN,,NOT_AVAILABLE,,,,,,
Time,5,9,NOT_RUN,,NOT_RUN,,NOT_AVAILABLE,,,,,,
Time,6,17,NOT_RUN,,NOT_RUN,,NOT_AVAILABLE,,,,,,
Time,7,0,NOT_RUN,,NOT_RUN,,NOT_AVAILABLE,,,,,,
Time,8,16,FAIL,2,FAIL,3,INCONCLUSIVE,355,273,76.9,178,101,56.74
Time,9,32,NOT_RUN,,NOT_RUN,,NOT_AVAILABLE,,,,,,
