method,project,bug_id,run,tests,compile,code_coverage,branch_coverage,fault_detected,time
Gemini,Chart,1,1,18,FALSE,0.00,0.00,FALSE,0.00
Gemini,Chart,10,1,5,TRUE,100.00,0.00,FALSE,0.00
Gemini,Chart,11,1,13,TRUE,91.37,75.86,TRUE,0.00
Gemini,Chart,12,1,9,TRUE,93.16,85.71,FALSE,0.00
Gemini,Chart,13,1,11,TRUE,96.51,70.83,FALSE,0.00
Gemini,Chart,14,1,20,FALSE,0.00,0.00,FALSE,0.00
Gemini,Chart,15,1,20,TRUE,78.23,55.77,FALSE,0.00
Gemini,Chart,16,1,13,FALSE,0.00,0.00,FALSE,0.00
Gemini,Chart,17,1,16,TRUE,88.89,82.81,FALSE,0.00
Gemini,Chart,18,1,17,TRUE,45.49,40.16,FALSE,0.00
Gemini,Chart,19,1,17,FALSE,0.00,0.00,FALSE,0.00
Gemini,Chart,2,1,44,FALSE,0.00,0.00,FALSE,0.00
Gemini,Chart,20,1,5,TRUE,95.45,87.50,TRUE,0.00
Gemini,Chart,21,1,6,TRUE,100.00,61.67,FALSE,0.00
Gemini,Chart,22,1,12,TRUE,94.35,81.03,FALSE,0.00
Gemini,Chart,23,1,14,FALSE,0.00,0.00,FALSE,0.00
Gemini,Chart,24,1,14,TRUE,100.00,100.00,FALSE,0.00
Gemini,Chart,25,1,8,FALSE,0.00,0.00,FALSE,0.00
Gemini,Chart,26,1,26,TRUE,89.43,78.12,FALSE,0.00
Gemini,Chart,3,1,28,TRUE,91.58,79.03,FALSE,0.00
Gemini,Chart,4,1,12,FALSE,0.00,0.00,FALSE,0.00
Gemini,Chart,5,1,13,TRUE,91.28,82.50,FALSE,0.00
Gemini,Chart,6,1,7,TRUE,100.00,100.00,FALSE,0.00
Gemini,Chart,7,1,8,TRUE,96.23,90.74,FALSE,0.00
Gemini,Chart,8,1,23,TRUE,96.91,89.71,FALSE,0.00
Gemini,Chart,9,1,15,TRUE,90.31,82.03,FALSE,0.00
Gemini,Cli,1,1,0,FALSE,0.00,0.00,FALSE,0.00
Gemini,Cli,10,1,0,TRUE,66.04,52.86,FALSE,0.00
Gemini,Cli,11,1,0,TRUE,98.48,78.30,FALSE,0.00
Gemini,Cli,12,1,10,TRUE,0.00,0.00,FALSE,0.00
Gemini,Cli,13,1,0,FALSE,0.00,0.00,FALSE,0.00
Gemini,Cli,14,1,0,FALSE,0.00,0.00,FALSE,0.00
Gemini,Cli,15,1,0,FALSE,0.00,0.00,FALSE,0.00
Gemini,Cli,16,1,0,FALSE,0.00,0.00,FALSE,0.00
Gemini,Cli,17,1,0,TRUE,95.52,88.10,FALSE,0.00
Gemini,Cli,18,1,0,TRUE,89.39,71.43,FALSE,0.00
Gemini,Cli,19,1,0,TRUE,92.31,83.33,FALSE,0.00
Gemini,Cli,2,1,0,FALSE,0.00,0.00,FALSE,0.00
Gemini,Cli,20,1,0,TRUE,90.62,83.33,FALSE,0.00
Gemini,Cli,21,1,0,TRUE,0.00,0.00,FALSE,0.00
Gemini,Cli,22,1,0,TRUE,100.00,92.11,FALSE,0.00
Gemini,Cli,23,1,0,TRUE,95.96,78.70,FALSE,0.00
Gemini,Cli,24,1,0,TRUE,85.86,70.54,FALSE,0.00
Gemini,Cli,25,1,0,TRUE,95.45,73.21,FALSE,0.00
Gemini,Cli,26,1,9,TRUE,0.00,0.00,FALSE,0.00
Gemini,Cli,27,1,7,FALSE,0.00,0.00,FALSE,0.00
Gemini,Cli,28,1,0,FALSE,0.00,0.00,FALSE,0.00
Gemini,Cli,29,1,0,TRUE,92.86,100.00,FALSE,0.00
Gemini,Cli,3,1,24,TRUE,0.00,0.00,FALSE,0.00
Gemini,Cli,30,1,0,TRUE,49.65,40.83,FALSE,0.00
Gemini,Cli,31,1,0,TRUE,57.25,48.08,FALSE,0.00
Gemini,Cli,32,1,0,TRUE,91.13,78.69,TRUE,0.00
Gemini,Cli,33,1,0,TRUE,98.01,85.09,FALSE,0.00
Gemini,Cli,34,1,0,TRUE,61.11,86.36,FALSE,0.00
Gemini,Cli,35,1,9,TRUE,100.00,95.00,FALSE,0.00
Gemini,Cli,36,1,7,TRUE,37.23,38.89,FALSE,0.00
Gemini,Cli,37,1,0,TRUE,73.26,55.70,FALSE,0.00
Gemini,Cli,38,1,25,TRUE,85.34,64.56,FALSE,0.00
Gemini,Cli,39,1,0,TRUE,90.48,85.00,FALSE,0.00
Gemini,Cli,4,1,0,FALSE,0.00,0.00,FALSE,0.00
Gemini,Cli,40,1,24,FALSE,0.00,0.00,FALSE,0.00
Gemini,Cli,5,1,12,TRUE,0.00,0.00,FALSE,0.00
Gemini,Cli,7,1,0,TRUE,88.24,74.07,FALSE,0.00
Gemini,Cli,8,1,0,FALSE,0.00,0.00,FALSE,0.00
Gemini,Cli,9,1,0,TRUE,91.43,87.14,FALSE,0.00
Gemini,Closure,1,1,5,FALSE,0.00,0.00,FALSE,0.00
Gemini,Closure,10,1,29,FALSE,0.00,0.00,FALSE,0.00
Gemini,Closure,100,1,0,FALSE,0.00,0.00,FALSE,0.00
Gemini,Closure,101,1,18,TRUE,86.67,70.83,FALSE,0.00
Gemini,Closure,102,1,0,FALSE,0.00,0.00,FALSE,0.00
Gemini,Closure,103,1,14,FALSE,0.00,0.00,FALSE,0.00
Gemini,Closure,104,1,8,FALSE,0.00,0.00,FALSE,0.00
Gemini,Closure,105,1,0,FALSE,0.00,0.00,FALSE,0.00
Gemini,Closure,106,1,6,FALSE,0.00,0.00,FALSE,0.00
Gemini,Closure,107,1,6,TRUE,63.00,33.33,FALSE,0.00
Gemini,Closure,108,1,2,TRUE,20.07,9.33,FALSE,0.00
Gemini,Closure,109,1,6,TRUE,12.74,5.80,FALSE,0.00
Gemini,Closure,11,1,3,TRUE,0.00,0.00,FALSE,0.00
Gemini,Closure,110,1,2,FALSE,0.00,0.00,FALSE,0.00
Gemini,Closure,111,1,3,FALSE,0.00,0.00,FALSE,0.00
Gemini,Closure,112,1,3,FALSE,0.00,0.00,FALSE,0.00
Gemini,Closure,113,1,13,FALSE,0.00,0.00,FALSE,0.00
Gemini,Closure,114,1,6,FALSE,0.00,0.00,FALSE,0.00
Gemini,Closure,115,1,9,FALSE,0.00,0.00,FALSE,0.00
Gemini,Closure,116,1,8,FALSE,0.00,0.00,FALSE,0.00
Gemini,Closure,117,1,2,TRUE,12.89,3.85,FALSE,0.00
Gemini,Closure,118,1,4,FALSE,0.00,0.00,FALSE,0.00
Gemini,Closure,119,1,5,TRUE,20.16,4.62,FALSE,0.00
Gemini,Closure,12,1,0,FALSE,0.00,0.00,FALSE,0.00
Gemini,Closure,120,1,10,FALSE,0.00,0.00,FALSE,0.00
Gemini,Closure,121,1,0,FALSE,0.00,0.00,FALSE,0.00
Gemini,Closure,122,1,5,FALSE,0.00,0.00,FALSE,0.00
Gemini,Closure,123,1,12,FALSE,0.00,0.00,FALSE,0.00
Gemini,Closure,124,1,0,FALSE,0.00,0.00,FALSE,0.00
Gemini,Closure,125,1,7,FALSE,0.00,0.00,FALSE,0.00
Gemini,Closure,126,1,0,FALSE,0.00,0.00,FALSE,0.00
Gemini,Closure,127,1,0,TRUE,12.20,0.00,FALSE,0.00
Gemini,Closure,128,1,14,FALSE,0.00,0.00,FALSE,0.00
Gemini,Closure,129,1,0,FALSE,0.00,0.00,FALSE,0.00
Gemini,Closure,13,1,0,FALSE,0.00,0.00,FALSE,0.00
Gemini,Closure,130,1,4,FALSE,0.00,0.00,FALSE,0.00
Gemini,Closure,131,1,6,TRUE,94.69,75.76,FALSE,0.00
Gemini,Closure,132,1,20,TRUE,13.34,9.25,FALSE,0.00
Gemini,Closure,133,1,7,TRUE,13.22,7.63,FALSE,0.00
Gemini,Closure,134,1,3,TRUE,13.48,3.87,FALSE,0.00
Gemini,Closure,135,1,2,TRUE,5.90,3.77,FALSE,0.00
Gemini,Closure,136,1,0,FALSE,0.00,0.00,FALSE,0.00
Gemini,Closure,137,1,13,FALSE,0.00,0.00,FALSE,0.00
Gemini,Closure,138,1,0,FALSE,0.00,0.00,FALSE,0.00
Gemini,Closure,139,1,0,FALSE,0.00,0.00,FALSE,0.00
Gemini,Closure,14,1,5,FALSE,0.00,0.00,FALSE,0.00
Gemini,Closure,140,1,16,FALSE,0.00,0.00,FALSE,0.00
Gemini,Closure,141,1,27,FALSE,0.00,0.00,FALSE,0.00
Gemini,Closure,142,1,2,TRUE,1.54,0.47,FALSE,0.00
Gemini,Closure,143,1,21,TRUE,36.25,31.07,FALSE,0.00
Gemini,Closure,144,1,12,TRUE,0.00,0.00,FALSE,0.00
Gemini,Closure,145,1,24,FALSE,0.00,0.00,FALSE,0.00
Gemini,Closure,146,1,6,FALSE,0.00,0.00,FALSE,0.00
Gemini,Closure,147,1,0,FALSE,0.00,0.00,FALSE,0.00
Gemini,Closure,148,1,25,TRUE,28.09,20.75,FALSE,0.00
Gemini,Closure,149,1,17,TRUE,19.33,9.52,FALSE,0.00
Gemini,Closure,15,1,3,TRUE,5.42,0.84,FALSE,0.00
Gemini,Closure,150,1,5,TRUE,1.06,0.00,FALSE,0.00
Gemini,Closure,151,1,7,TRUE,79.35,55.88,FALSE,0.00
Gemini,Closure,152,1,15,FALSE,0.00,0.00,FALSE,0.00
Gemini,Closure,153,1,14,FALSE,0.00,0.00,FALSE,0.00
Gemini,Closure,154,1,4,FALSE,0.00,0.00,FALSE,0.00
Gemini,Closure,155,1,0,TRUE,6.68,0.48,FALSE,0.00
Gemini,Closure,156,1,4,FALSE,0.00,0.00,FALSE,0.00
Gemini,Closure,157,1,12,FALSE,0.00,0.00,FALSE,0.00
Gemini,Closure,158,1,27,FALSE,0.00,0.00,FALSE,0.00
Gemini,Closure,159,1,7,FALSE,0.00,0.00,FALSE,0.00
Gemini,Closure,16,1,0,FALSE,0.00,0.00,FALSE,0.00
Gemini,Closure,160,1,36,FALSE,0.00,0.00,FALSE,0.00
Gemini,Closure,161,1,0,FALSE,0.00,0.00,FALSE,0.00
Gemini,Closure,162,1,7,FALSE,0.00,0.00,FALSE,0.00
Gemini,Closure,163,1,6,FALSE,0.00,0.00,FALSE,0.00
Gemini,Closure,164,1,6,FALSE,0.00,0.00,FALSE,0.00
Gemini,Closure,165,1,14,FALSE,0.00,0.00,FALSE,0.00
Gemini,Closure,166,1,9,FALSE,0.00,0.00,FALSE,0.00
Gemini,Closure,167,1,4,FALSE,0.00,0.00,FALSE,0.00
Gemini,Closure,168,1,4,TRUE,11.84,1.00,FALSE,0.00
Gemini,Closure,169,1,11,FALSE,0.00,0.00,FALSE,0.00
Gemini,Closure,17,1,5,TRUE,12.95,1.89,FALSE,0.00
Gemini,Closure,170,1,0,FALSE,0.00,0.00,FALSE,0.00
Gemini,Closure,171,1,4,FALSE,0.00,0.00,FALSE,0.00
Gemini,Closure,172,1,5,FALSE,0.00,0.00,FALSE,0.00
Gemini,Closure,173,1,12,FALSE,0.00,0.00,FALSE,0.00
Gemini,Closure,174,1,5,FALSE,0.00,0.00,FALSE,0.00
Gemini,Closure,175,1,11,FALSE,0.00,0.00,FALSE,0.00
Gemini,Closure,176,1,2,FALSE,0.00,0.00,FALSE,0.00
Gemini,Closure,18,1,12,FALSE,0.00,0.00,FALSE,0.00
Gemini,Closure,19,1,16,FALSE,0.00,0.00,FALSE,0.00
Gemini,Closure,2,1,3,TRUE,0.00,0.00,FALSE,0.00
Gemini,Closure,20,1,7,TRUE,10.74,5.89,FALSE,0.00
Gemini,Closure,21,1,0,FALSE,0.00,0.00,FALSE,0.00
Gemini,Closure,22,1,0,TRUE,67.44,40.28,FALSE,0.00
Gemini,Closure,23,1,0,FALSE,0.00,0.00,FALSE,0.00
Gemini,Closure,24,1,0,TRUE,27.17,12.50,FALSE,0.00
Gemini,Closure,25,1,2,FALSE,0.00,0.00,FALSE,0.00
Gemini,Closure,26,1,9,FALSE,0.00,0.00,FALSE,0.00
Gemini,Closure,27,1,21,TRUE,79.14,43.33,FALSE,0.00
Gemini,Closure,28,1,0,TRUE,92.31,100.00,FALSE,0.00
Gemini,Closure,29,1,2,TRUE,4.60,0.00,FALSE,0.00
Gemini,Closure,3,1,0,FALSE,0.00,0.00,FALSE,0.00
Gemini,Closure,30,1,3,FALSE,0.00,0.00,FALSE,0.00
Gemini,Closure,31,1,16,TRUE,17.21,8.25,FALSE,0.00
Gemini,Closure,32,1,4,TRUE,10.65,7.53,FALSE,0.00
Gemini,Closure,33,1,13,FALSE,0.00,0.00,FALSE,0.00
Gemini,Closure,34,1,19,FALSE,0.00,0.00,FALSE,0.00
Gemini,Closure,35,1,3,TRUE,1.11,0.47,FALSE,0.00
Gemini,Closure,36,1,0,TRUE,6.92,0.43,FALSE,0.00
Gemini,Closure,37,1,0,TRUE,14.30,12.21,FALSE,0.00
Gemini,Closure,38,1,13,TRUE,83.04,71.88,FALSE,0.00
Gemini,Closure,39,1,6,FALSE,0.00,0.00,FALSE,0.00
Gemini,Closure,4,1,6,FALSE,0.00,0.00,FALSE,0.00
Gemini,Closure,40,1,0,FALSE,0.00,0.00,FALSE,0.00
Gemini,Closure,41,1,12,TRUE,25.60,10.00,FALSE,0.00
Gemini,Closure,42,1,11,FALSE,0.00,0.00,FALSE,0.00
Gemini,Closure,43,1,3,FALSE,0.00,0.00,FALSE,0.00
Gemini,Closure,44,1,11,FALSE,0.00,0.00,FALSE,0.00
Gemini,Closure,45,1,5,FALSE,0.00,0.00,FALSE,0.00
Gemini,Closure,46,1,7,TRUE,84.40,66.25,FALSE,0.00
Gemini,Closure,47,1,13,FALSE,0.00,0.00,FALSE,0.00
Gemini,Closure,48,1,3,FALSE,0.00,0.00,FALSE,0.00
Gemini,Closure,49,1,0,FALSE,0.00,0.00,FALSE,0.00
Gemini,Closure,5,1,1,TRUE,4.42,0.00,FALSE,0.00
Gemini,Closure,50,1,0,FALSE,0.00,0.00,FALSE,0.00
Gemini,Closure,51,1,13,FALSE,0.00,0.00,FALSE,0.00
Gemini,Closure,52,1,19,FALSE,0.00,0.00,FALSE,0.00
Gemini,Closure,53,1,0,TRUE,4.71,0.00,FALSE,0.00
Gemini,Closure,54,1,6,TRUE,13.78,4.40,FALSE,0.00
Gemini,Closure,55,1,0,FALSE,0.00,0.00,FALSE,0.00
Gemini,Closure,56,1,8,TRUE,84.51,68.75,FALSE,0.00
Gemini,Closure,57,1,0,FALSE,0.00,0.00,FALSE,0.00
Gemini,Closure,58,1,7,FALSE,0.00,0.00,FALSE,0.00
Gemini,Closure,59,1,22,TRUE,37.22,31.21,FALSE,0.00
Gemini,Closure,6,1,12,FALSE,0.00,0.00,FALSE,0.00
Gemini,Closure,60,1,31,FALSE,0.00,0.00,FALSE,0.00
Gemini,Closure,61,1,43,FALSE,0.00,0.00,FALSE,0.00
Gemini,Closure,62,1,11,FALSE,0.00,0.00,FALSE,0.00
Gemini,Closure,64,1,16,TRUE,11.73,6.25,FALSE,0.00
Gemini,Closure,65,1,24,FALSE,0.00,0.00,FALSE,0.00
Gemini,Closure,66,1,3,TRUE,0.00,0.00,FALSE,0.00
Gemini,Closure,67,1,0,FALSE,0.00,0.00,FALSE,0.00
Gemini,Closure,68,1,10,FALSE,0.00,0.00,FALSE,0.00
Gemini,Closure,69,1,3,FALSE,0.00,0.00,FALSE,0.00
Gemini,Closure,7,1,0,FALSE,0.00,0.00,FALSE,0.00
Gemini,Closure,70,1,2,FALSE,0.00,0.00,FALSE,0.00
Gemini,Closure,71,1,4,FALSE,0.00,0.00,FALSE,0.00
Gemini,Closure,72,1,4,FALSE,0.00,0.00,FALSE,0.00
Gemini,Closure,73,1,26,FALSE,0.00,0.00,FALSE,0.00
Gemini,Closure,74,1,0,TRUE,38.62,27.14,FALSE,0.00
Gemini,Closure,75,1,30,TRUE,26.63,21.44,FALSE,0.00
Gemini,Closure,76,1,0,FALSE,0.00,0.00,FALSE,0.00
Gemini,Closure,77,1,18,FALSE,0.00,0.00,FALSE,0.00
Gemini,Closure,78,1,36,TRUE,45.94,34.31,FALSE,0.00
Gemini,Closure,79,1,8,FALSE,0.00,0.00,FALSE,0.00
Gemini,Closure,8,1,0,TRUE,20.24,11.54,FALSE,0.00
Gemini,Closure,80,1,28,FALSE,0.00,0.00,FALSE,0.00
Gemini,Closure,81,1,4,TRUE,0.00,0.00,FALSE,0.00
Gemini,Closure,82,1,9,TRUE,49.10,31.41,FALSE,0.00
Gemini,Closure,83,1,12,TRUE,84.62,66.67,FALSE,0.00
Gemini,Closure,84,1,8,FALSE,0.00,0.00,FALSE,0.00
Gemini,Closure,85,1,0,FALSE,0.00,0.00,FALSE,0.00
Gemini,Closure,86,1,35,FALSE,0.00,0.00,FALSE,0.00
Gemini,Closure,87,1,0,FALSE,0.00,0.00,FALSE,0.00
Gemini,Closure,88,1,0,FALSE,0.00,0.00,FALSE,0.00
Gemini,Closure,89,1,3,TRUE,9.38,3.65,FALSE,0.00
Gemini,Closure,9,1,9,FALSE,0.00,0.00,FALSE,0.00
Gemini,Closure,90,1,4,FALSE,0.00,0.00,FALSE,0.00
Gemini,Closure,91,1,6,FALSE,0.00,0.00,FALSE,0.00
Gemini,Closure,92,1,8,TRUE,13.45,3.88,FALSE,0.00
Gemini,Closure,94,1,26,FALSE,0.00,0.00,FALSE,0.00
Gemini,Closure,95,1,8,FALSE,0.00,0.00,FALSE,0.00
Gemini,Closure,96,1,2,FALSE,0.00,0.00,FALSE,0.00
Gemini,Closure,97,1,0,FALSE,0.00,0.00,FALSE,0.00
Gemini,Closure,98,1,0,TRUE,19.05,7.09,FALSE,0.00
Gemini,Closure,99,1,0,FALSE,0.00,0.00,FALSE,0.00
Gemini,Codec,1,1,7,TRUE,26.56,2.72,FALSE,0.00
Gemini,Codec,10,1,9,TRUE,100.00,100.00,FALSE,0.00
Gemini,Codec,11,1,25,FALSE,0.00,0.00,FALSE,0.00
Gemini,Codec,12,1,10,TRUE,93.55,84.62,FALSE,0.00
Gemini,Codec,13,1,17,TRUE,5.82,1.53,FALSE,0.00
Gemini,Codec,14,1,6,TRUE,5.41,2.65,FALSE,0.00
Gemini,Codec,15,1,14,TRUE,98.04,73.53,FALSE,0.00
Gemini,Codec,16,1,17,FALSE,0.00,0.00,FALSE,0.00
Gemini,Codec,17,1,16,TRUE,97.44,100.00,FALSE,0.00
Gemini,Codec,18,1,17,TRUE,100.00,100.00,FALSE,0.00
Gemini,Codec,2,1,24,TRUE,94.86,81.51,FALSE,0.00
Gemini,Codec,3,1,35,FALSE,0.00,0.00,FALSE,0.00
Gemini,Codec,4,1,29,FALSE,0.00,0.00,FALSE,0.00
Gemini,Codec,5,1,24,TRUE,98.27,85.44,FALSE,0.00
Gemini,Codec,6,1,10,TRUE,100.00,92.86,FALSE,0.00
Gemini,Codec,7,1,21,TRUE,94.42,79.63,FALSE,0.00
Gemini,Codec,8,1,21,FALSE,81.99,68.28,FALSE,0.00
Gemini,Codec,9,1,22,TRUE,94.55,80.92,FALSE,0.00
Gemini,Collections,1,1,0,TRUE,50.71,40.96,FALSE,0.00
Gemini,Collections,10,1,0,TRUE,89.08,79.17,FALSE,0.00
Gemini,Collections,11,1,0,TRUE,97.14,100.00,FALSE,0.00
Gemini,Collections,12,1,38,TRUE,83.84,70.50,FALSE,0.00
Gemini,Collections,13,1,11,FALSE,0.00,0.00,FALSE,0.00
Gemini,Collections,14,1,15,TRUE,100.00,100.00,FALSE,0.00
Gemini,Collections,15,1,0,TRUE,100.00,95.45,FALSE,0.00
Gemini,Collections,16,1,0,FALSE,0.00,0.00,FALSE,0.00
Gemini,Collections,17,1,0,FALSE,0.00,0.00,FALSE,0.00
Gemini,Collections,18,1,21,FALSE,0.00,0.00,FALSE,0.00
Gemini,Collections,19,1,20,TRUE,96.33,97.37,FALSE,0.00
Gemini,Collections,2,1,35,TRUE,85.81,75.37,FALSE,0.00
Gemini,Collections,20,1,24,TRUE,82.94,72.73,FALSE,0.00
Gemini,Collections,21,1,12,TRUE,90.83,94.74,FALSE,0.00
Gemini,Collections,22,1,11,FALSE,0.00,0.00,FALSE,0.00
Gemini,Collections,23,1,4,FALSE,64.71,100.00,FALSE,0.00
Gemini,Collections,24,1,13,TRUE,96.15,100.00,FALSE,0.00
Gemini,Collections,25,1,42,FALSE,0.00,0.00,FALSE,0.00
Gemini,Collections,26,1,14,FALSE,0.00,0.00,FALSE,0.00
Gemini,Collections,27,1,22,FALSE,0.00,0.00,FALSE,0.00
Gemini,Collections,28,1,17,FALSE,0.00,0.00,FALSE,0.00
Gemini,Collections,3,1,0,FALSE,0.00,0.00,FALSE,0.00
Gemini,Collections,4,1,0,TRUE,99.10,91.67,FALSE,0.00
Gemini,Collections,5,1,0,TRUE,100.00,90.00,TRUE,0.00
Gemini,Collections,6,1,0,FALSE,0.00,0.00,FALSE,0.00
Gemini,Collections,7,1,18,TRUE,90.27,78.21,FALSE,0.00
Gemini,Collections,8,1,0,TRUE,85.23,83.33,FALSE,0.00
Gemini,Collections,9,1,15,FALSE,0.00,0.00,FALSE,0.00
Gemini,Compress,1,1,17,FALSE,0.00,0.00,FALSE,0.00
Gemini,Compress,10,1,3,TRUE,12.83,4.42,FALSE,0.00
Gemini,Compress,11,1,14,TRUE,85.51,89.13,FALSE,0.00
Gemini,Compress,12,1,8,TRUE,35.38,29.09,FALSE,0.00
Gemini,Compress,13,1,10,FALSE,0.00,0.00,FALSE,0.00
Gemini,Compress,14,1,21,TRUE,96.04,83.33,FALSE,0.00
Gemini,Compress,15,1,15,TRUE,82.76,61.82,FALSE,0.00
Gemini,Compress,16,1,12,TRUE,84.29,85.42,FALSE,0.00
Gemini,Compress,17,1,31,FALSE,0.00,0.00,FALSE,0.00
Gemini,Compress,18,1,13,FALSE,0.00,0.00,FALSE,0.00
Gemini,Compress,19,1,14,TRUE,100.00,80.00,FALSE,0.00
Gemini,Compress,2,1,8,TRUE,54.79,57.14,FALSE,0.00
Gemini,Compress,20,1,9,TRUE,39.72,42.98,FALSE,0.00
Gemini,Compress,21,1,4,TRUE,91.28,88.24,FALSE,0.00
Gemini,Compress,22,1,12,TRUE,8.17,7.17,FALSE,0.00
Gemini,Compress,23,1,10,FALSE,0.00,0.00,FALSE,0.00
Gemini,Compress,24,1,29,TRUE,80.00,76.27,FALSE,0.00
Gemini,Compress,25,1,7,TRUE,11.47,3.17,FALSE,0.00
Gemini,Compress,26,1,11,TRUE,91.67,94.44,FALSE,0.00
Gemini,Compress,27,1,33,TRUE,79.21,75.86,FALSE,0.00
Gemini,Compress,28,1,6,TRUE,38.97,29.51,FALSE,0.00
Gemini,Compress,29,1,36,TRUE,23.93,14.69,FALSE,0.00
Gemini,Compress,3,1,15,TRUE,90.00,96.43,FALSE,0.00
Gemini,Compress,30,1,9,TRUE,9.80,7.92,FALSE,0.00
Gemini,Compress,31,1,30,TRUE,90.34,85.34,FALSE,0.00
Gemini,Compress,32,1,9,TRUE,30.91,20.63,FALSE,0.00
Gemini,Compress,33,1,16,TRUE,60.42,57.81,FALSE,0.00
Gemini,Compress,34,1,9,TRUE,100.00,85.71,FALSE,0.00
Gemini,Compress,35,1,25,TRUE,83.91,80.36,FALSE,0.00
Gemini,Compress,36,1,6,TRUE,4.13,1.98,FALSE,0.00
Gemini,Compress,37,1,10,TRUE,44.30,29.61,FALSE,0.00
Gemini,Compress,38,1,16,TRUE,82.57,59.44,FALSE,0.00
Gemini,Compress,39,1,9,FALSE,0.00,0.00,FALSE,0.00
Gemini,Compress,4,1,0,FALSE,0.00,0.00,FALSE,0.00
Gemini,Compress,40,1,9,TRUE,100.00,100.00,FALSE,0.00
Gemini,Compress,41,1,10,TRUE,17.72,10.38,FALSE,0.00
Gemini,Compress,42,1,2,TRUE,0.00,0.00,FALSE,0.00
Gemini,Compress,43,1,10,FALSE,0.00,0.00,FALSE,0.00
Gemini,Compress,44,1,5,TRUE,100.00,100.00,FALSE,0.00
Gemini,Compress,45,1,29,TRUE,86.55,81.48,FALSE,0.00
Gemini,Compress,46,1,15,TRUE,98.32,77.08,FALSE,0.00
Gemini,Compress,47,1,9,TRUE,16.51,8.06,FALSE,0.00
Gemini,Compress,5,1,12,TRUE,39.13,31.91,FALSE,0.00
Gemini,Compress,6,1,9,TRUE,76.47,65.00,FALSE,0.00
Gemini,Compress,7,1,15,TRUE,96.83,92.11,FALSE,0.00
Gemini,Compress,8,1,17,TRUE,94.29,86.84,FALSE,0.00
Gemini,Compress,9,1,17,FALSE,0.00,0.00,FALSE,0.00
Gemini,Csv,1,1,9,TRUE,100.00,90.91,FALSE,0.00
Gemini,Csv,10,1,22,FALSE,0.00,0.00,FALSE,0.00
Gemini,Csv,11,1,15,FALSE,0.00,0.00,FALSE,0.00
Gemini,Csv,12,1,14,TRUE,96.74,82.14,FALSE,0.00
Gemini,Csv,13,1,26,FALSE,0.00,0.00,FALSE,0.00
Gemini,Csv,14,1,17,TRUE,87.92,72.43,FALSE,0.00
Gemini,Csv,15,1,17,TRUE,84.63,67.64,FALSE,0.00
Gemini,Csv,16,1,21,TRUE,93.50,75.00,FALSE,0.00
Gemini,Csv,2,1,10,TRUE,100.00,93.75,FALSE,0.00
Gemini,Csv,3,1,9,FALSE,0.00,0.00,FALSE,0.00
Gemini,Csv,4,1,16,FALSE,0.00,0.00,FALSE,0.00
Gemini,Csv,5,1,22,TRUE,94.30,82.61,FALSE,0.00
Gemini,Csv,6,1,12,TRUE,100.00,94.44,FALSE,0.00
Gemini,Csv,7,1,17,TRUE,90.10,84.00,FALSE,0.00
Gemini,Csv,8,1,27,TRUE,87.71,69.29,FALSE,0.00
Gemini,Csv,9,1,17,TRUE,100.00,100.00,FALSE,0.00
Gemini,Gson,1,1,9,FALSE,0.00,0.00,FALSE,0.00
Gemini,Gson,10,1,8,FALSE,0.00,0.00,FALSE,0.00
Gemini,Gson,11,1,11,FALSE,0.00,0.00,FALSE,0.00
Gemini,Gson,12,1,14,FALSE,0.00,0.00,FALSE,0.00
Gemini,Gson,13,1,18,TRUE,66.76,51.65,FALSE,0.00
Gemini,Gson,14,1,19,FALSE,0.00,0.00,FALSE,0.00
Gemini,Gson,15,1,21,TRUE,92.93,82.61,FALSE,0.00
Gemini,Gson,16,1,28,FALSE,0.00,0.00,FALSE,0.00
Gemini,Gson,17,1,9,FALSE,0.00,0.00,FALSE,0.00
Gemini,Gson,18,1,25,FALSE,0.00,0.00,FALSE,0.00
Gemini,Gson,2,1,16,FALSE,0.00,0.00,FALSE,0.00
Gemini,Gson,3,1,16,FALSE,0.00,0.00,FALSE,0.00
Gemini,Gson,4,1,20,TRUE,55.33,50.27,FALSE,0.00
Gemini,Gson,5,1,17,TRUE,92.67,76.40,FALSE,0.00
Gemini,Gson,6,1,4,TRUE,100.00,100.00,FALSE,0.00
Gemini,Gson,7,1,12,TRUE,61.70,47.97,FALSE,0.00
Gemini,Gson,8,1,3,TRUE,0.00,0.00,FALSE,0.00
Gemini,Gson,9,1,30,TRUE,32.18,17.66,FALSE,0.00
Gemini,JacksonCore,1,1,13,TRUE,33.67,39.92,FALSE,0.00
Gemini,JacksonCore,10,1,13,TRUE,26.67,7.52,FALSE,0.00
Gemini,JacksonCore,11,1,12,TRUE,33.55,10.07,FALSE,0.00
Gemini,JacksonCore,12,1,5,TRUE,9.01,5.67,FALSE,0.00
Gemini,JacksonCore,13,1,8,FALSE,0.00,0.00,FALSE,0.00
Gemini,JacksonCore,14,1,10,TRUE,97.06,77.27,FALSE,0.00
Gemini,JacksonCore,15,1,8,FALSE,0.00,0.00,FALSE,0.00
Gemini,JacksonCore,16,1,6,TRUE,96.97,90.91,FALSE,0.00
Gemini,JacksonCore,17,1,11,TRUE,38.55,27.34,FALSE,0.00
Gemini,JacksonCore,18,1,15,FALSE,0.00,0.00,FALSE,0.00
Gemini,JacksonCore,19,1,12,FALSE,0.00,0.00,FALSE,0.00
Gemini,JacksonCore,2,1,8,TRUE,11.86,7.60,FALSE,0.00
Gemini,JacksonCore,20,1,8,TRUE,71.43,57.73,FALSE,0.00
Gemini,JacksonCore,21,1,5,FALSE,0.00,0.00,FALSE,0.00
Gemini,JacksonCore,22,1,11,FALSE,0.00,0.00,FALSE,0.00
Gemini,JacksonCore,23,1,9,FALSE,0.00,0.00,FALSE,0.00
Gemini,JacksonCore,24,1,15,FALSE,0.00,0.00,FALSE,0.00
Gemini,JacksonCore,25,1,11,FALSE,0.00,0.00,FALSE,0.00
Gemini,JacksonCore,26,1,18,TRUE,11.27,8.31,FALSE,0.00
Gemini,JacksonCore,3,1,9,FALSE,0.00,0.00,FALSE,0.00
Gemini,JacksonCore,4,1,13,FALSE,0.00,0.00,FALSE,0.00
Gemini,JacksonCore,5,1,7,TRUE,97.62,82.26,FALSE,0.00
Gemini,JacksonCore,6,1,8,TRUE,91.67,80.65,FALSE,0.00
Gemini,JacksonCore,7,1,12,FALSE,0.00,0.00,FALSE,0.00
Gemini,JacksonCore,8,1,13,TRUE,78.60,57.25,FALSE,0.00
Gemini,JacksonCore,9,1,15,FALSE,0.00,0.00,FALSE,0.00
Gemini,JacksonDatabind,1,1,7,FALSE,0.00,0.00,FALSE,0.00
Gemini,JacksonDatabind,10,1,2,TRUE,1.82,0.00,FALSE,0.00
Gemini,JacksonDatabind,100,1,10,TRUE,81.30,56.79,FALSE,0.00
Gemini,JacksonDatabind,101,1,3,FALSE,0.00,0.00,FALSE,0.00
Gemini,JacksonDatabind,102,1,7,FALSE,0.00,0.00,FALSE,0.00
Gemini,JacksonDatabind,103,1,23,TRUE,1.53,1.42,FALSE,0.00
Gemini,JacksonDatabind,104,1,14,TRUE,87.50,78.86,FALSE,0.00
Gemini,JacksonDatabind,105,1,8,TRUE,94.74,100.00,FALSE,0.00
Gemini,JacksonDatabind,106,1,10,TRUE,80.17,51.95,FALSE,0.00
Gemini,JacksonDatabind,107,1,3,FALSE,0.00,0.00,FALSE,0.00
Gemini,JacksonDatabind,108,1,14,FALSE,0.00,0.00,FALSE,0.00
Gemini,JacksonDatabind,109,1,11,FALSE,0.00,0.00,FALSE,0.00
Gemini,JacksonDatabind,11,1,22,FALSE,0.00,0.00,FALSE,0.00
Gemini,JacksonDatabind,110,1,10,TRUE,60.34,56.00,FALSE,0.00
Gemini,JacksonDatabind,111,1,5,FALSE,0.00,0.00,FALSE,0.00
Gemini,JacksonDatabind,112,1,5,FALSE,0.00,0.00,FALSE,0.00
Gemini,JacksonDatabind,12,1,3,FALSE,0.00,0.00,FALSE,0.00
Gemini,JacksonDatabind,13,1,14,FALSE,0.00,0.00,FALSE,0.00
Gemini,JacksonDatabind,14,1,19,FALSE,0.00,0.00,FALSE,0.00
Gemini,JacksonDatabind,15,1,9,FALSE,0.00,0.00,FALSE,0.00
Gemini,JacksonDatabind,16,1,7,TRUE,100.00,80.56,FALSE,0.00
Gemini,JacksonDatabind,17,1,13,FALSE,0.00,0.00,FALSE,0.00
Gemini,JacksonDatabind,18,1,9,FALSE,0.00,0.00,FALSE,0.00
Gemini,JacksonDatabind,19,1,24,TRUE,67.44,53.91,FALSE,0.00
Gemini,JacksonDatabind,2,1,9,FALSE,0.00,0.00,FALSE,0.00
Gemini,JacksonDatabind,20,1,13,TRUE,93.01,97.62,FALSE,0.00
Gemini,JacksonDatabind,21,1,15,FALSE,0.00,0.00,FALSE,0.00
Gemini,JacksonDatabind,22,1,5,TRUE,6.90,2.20,FALSE,0.00
Gemini,JacksonDatabind,23,1,9,FALSE,0.00,0.00,FALSE,0.00
Gemini,JacksonDatabind,24,1,15,FALSE,0.00,0.00,FALSE,0.00
Gemini,JacksonDatabind,25,1,3,FALSE,0.00,0.00,FALSE,0.00
Gemini,JacksonDatabind,26,1,6,FALSE,0.00,0.00,FALSE,0.00
Gemini,JacksonDatabind,27,1,4,FALSE,0.00,0.00,FALSE,0.00
Gemini,JacksonDatabind,28,1,16,TRUE,74.19,61.54,FALSE,0.00
Gemini,JacksonDatabind,29,1,1,TRUE,12.77,0.00,FALSE,0.00
Gemini,JacksonDatabind,3,1,6,FALSE,0.00,0.00,FALSE,0.00
Gemini,JacksonDatabind,30,1,6,FALSE,0.00,0.00,FALSE,0.00
Gemini,JacksonDatabind,31,1,17,FALSE,0.00,0.00,FALSE,0.00
Gemini,JacksonDatabind,32,1,13,FALSE,0.00,0.00,FALSE,0.00
Gemini,JacksonDatabind,33,1,17,FALSE,0.00,0.00,FALSE,0.00
Gemini,JacksonDatabind,34,1,5,FALSE,0.00,0.00,FALSE,0.00
Gemini,JacksonDatabind,35,1,3,TRUE,44.12,31.25,FALSE,0.00
Gemini,JacksonDatabind,36,1,13,TRUE,81.87,63.08,FALSE,0.00
Gemini,JacksonDatabind,37,1,17,TRUE,76.12,75.00,FALSE,0.00
Gemini,JacksonDatabind,38,1,5,TRUE,34.43,21.43,FALSE,0.00
Gemini,JacksonDatabind,39,1,7,FALSE,0.00,0.00,FALSE,0.00
Gemini,JacksonDatabind,4,1,9,TRUE,48.39,36.11,FALSE,0.00
Gemini,JacksonDatabind,40,1,7,TRUE,43.38,32.31,FALSE,0.00
Gemini,JacksonDatabind,41,1,25,FALSE,0.00,0.00,FALSE,0.00
Gemini,JacksonDatabind,42,1,18,TRUE,60.00,58.23,FALSE,0.00
Gemini,JacksonDatabind,43,1,0,FALSE,0.00,0.00,FALSE,0.00
Gemini,JacksonDatabind,44,1,17,FALSE,0.00,0.00,FALSE,0.00
Gemini,JacksonDatabind,45,1,9,TRUE,40.00,53.12,FALSE,0.00
Gemini,JacksonDatabind,46,1,6,TRUE,98.08,100.00,FALSE,0.00
Gemini,JacksonDatabind,47,1,4,TRUE,25.14,9.09,FALSE,0.00
Gemini,JacksonDatabind,48,1,8,FALSE,0.00,0.00,FALSE,0.00
Gemini,JacksonDatabind,49,1,5,FALSE,0.00,0.00,FALSE,0.00
Gemini,JacksonDatabind,5,1,9,FALSE,0.00,0.00,FALSE,0.00
Gemini,JacksonDatabind,50,1,6,FALSE,0.00,0.00,FALSE,0.00
Gemini,JacksonDatabind,51,1,0,FALSE,0.00,0.00,FALSE,0.00
Gemini,JacksonDatabind,52,1,4,FALSE,0.00,0.00,FALSE,0.00
Gemini,JacksonDatabind,53,1,18,FALSE,0.00,0.00,FALSE,0.00
Gemini,JacksonDatabind,54,1,5,FALSE,0.00,0.00,FALSE,0.00
Gemini,JacksonDatabind,55,1,10,TRUE,54.10,70.27,FALSE,0.00
Gemini,JacksonDatabind,56,1,10,FALSE,0.00,0.00,FALSE,0.00
Gemini,JacksonDatabind,57,1,13,FALSE,0.00,0.00,FALSE,0.00
Gemini,JacksonDatabind,58,1,4,FALSE,0.00,0.00,FALSE,0.00
Gemini,JacksonDatabind,59,1,6,FALSE,0.00,0.00,FALSE,0.00
Gemini,JacksonDatabind,6,1,9,TRUE,93.96,80.85,FALSE,0.00
Gemini,JacksonDatabind,60,1,6,FALSE,0.00,0.00,FALSE,0.00
Gemini,JacksonDatabind,61,1,8,FALSE,0.00,0.00,FALSE,0.00
Gemini,JacksonDatabind,62,1,6,FALSE,0.00,0.00,FALSE,0.00
Gemini,JacksonDatabind,63,1,8,FALSE,0.00,0.00,FALSE,0.00
Gemini,JacksonDatabind,64,1,6,TRUE,31.78,22.54,FALSE,0.00
Gemini,JacksonDatabind,66,1,20,FALSE,0.00,0.00,FALSE,0.00
Gemini,JacksonDatabind,67,1,12,FALSE,0.00,0.00,FALSE,0.00
Gemini,JacksonDatabind,68,1,11,FALSE,0.00,0.00,FALSE,0.00
Gemini,JacksonDatabind,69,1,0,FALSE,0.00,0.00,FALSE,0.00
Gemini,JacksonDatabind,7,1,11,FALSE,0.00,0.00,FALSE,0.00
Gemini,JacksonDatabind,70,1,9,FALSE,0.00,0.00,FALSE,0.00
Gemini,JacksonDatabind,71,1,16,TRUE,58.39,65.26,FALSE,0.00
Gemini,JacksonDatabind,72,1,3,FALSE,0.00,0.00,FALSE,0.00
Gemini,JacksonDatabind,73,1,2,TRUE,0.32,0.00,FALSE,0.00
Gemini,JacksonDatabind,74,1,5,TRUE,53.33,34.38,FALSE,0.00
Gemini,JacksonDatabind,75,1,6,FALSE,0.00,0.00,FALSE,0.00
Gemini,JacksonDatabind,76,1,0,TRUE,0.31,0.00,FALSE,0.00
Gemini,JacksonDatabind,77,1,6,FALSE,0.00,0.00,FALSE,0.00
Gemini,JacksonDatabind,78,1,7,FALSE,0.00,0.00,FALSE,0.00
Gemini,JacksonDatabind,79,1,58,FALSE,0.00,0.00,FALSE,0.00
Gemini,JacksonDatabind,8,1,4,TRUE,50.00,20.31,FALSE,0.00
Gemini,JacksonDatabind,80,1,6,FALSE,0.00,0.00,FALSE,0.00
Gemini,JacksonDatabind,81,1,41,FALSE,0.00,0.00,FALSE,0.00
Gemini,JacksonDatabind,82,1,6,TRUE,7.32,2.36,FALSE,0.00
Gemini,JacksonDatabind,83,1,16,TRUE,65.57,69.32,FALSE,0.00
Gemini,JacksonDatabind,84,1,7,TRUE,83.33,35.71,FALSE,0.00
Gemini,JacksonDatabind,85,1,5,FALSE,0.00,0.00,FALSE,0.00
Gemini,JacksonDatabind,86,1,8,TRUE,83.33,35.71,FALSE,0.00
Gemini,JacksonDatabind,87,1,17,FALSE,0.00,0.00,FALSE,0.00
Gemini,JacksonDatabind,88,1,14,FALSE,0.00,0.00,FALSE,0.00
Gemini,JacksonDatabind,9,1,5,FALSE,0.00,0.00,FALSE,0.00
Gemini,JacksonDatabind,90,1,6,TRUE,13.24,19.23,FALSE,0.00
Gemini,JacksonDatabind,91,1,4,FALSE,0.00,0.00,FALSE,0.00
Gemini,JacksonDatabind,92,1,5,FALSE,0.00,0.00,FALSE,0.00
Gemini,JacksonDatabind,93,1,5,TRUE,77.78,20.00,FALSE,0.00
Gemini,JacksonDatabind,94,1,5,TRUE,77.14,28.57,FALSE,0.00
Gemini,JacksonDatabind,95,1,11,TRUE,68.41,57.20,FALSE,0.00
Gemini,JacksonDatabind,96,1,10,FALSE,0.00,0.00,FALSE,0.00
Gemini,JacksonDatabind,97,1,15,TRUE,85.37,85.29,FALSE,0.00
Gemini,JacksonDatabind,98,1,4,TRUE,15.46,3.26,FALSE,0.00
Gemini,JacksonDatabind,99,1,0,FALSE,0.00,0.00,FALSE,0.00
Gemini,JacksonXml,1,1,11,FALSE,0.00,0.00,FALSE,0.00
Gemini,JacksonXml,2,1,7,TRUE,3.53,1.35,FALSE,0.00
Gemini,JacksonXml,3,1,9,TRUE,4.41,0.66,FALSE,0.00
Gemini,JacksonXml,4,1,9,FALSE,0.00,0.00,FALSE,0.00
Gemini,JacksonXml,5,1,7,FALSE,0.00,0.00,FALSE,0.00
Gemini,JacksonXml,6,1,11,FALSE,0.00,0.00,FALSE,0.00
Gemini,Jsoup,1,1,10,TRUE,100.00,100.00,FALSE,0.00
Gemini,Jsoup,10,1,20,FALSE,0.00,0.00,FALSE,0.00
Gemini,Jsoup,11,1,21,TRUE,92.42,83.33,FALSE,0.00
Gemini,Jsoup,12,1,33,FALSE,0.00,0.00,FALSE,0.00
Gemini,Jsoup,13,1,17,FALSE,0.00,0.00,FALSE,0.00
Gemini,Jsoup,14,1,7,TRUE,14.47,3.49,FALSE,0.00
Gemini,Jsoup,15,1,34,FALSE,0.00,0.00,FALSE,0.00
Gemini,Jsoup,16,1,6,TRUE,100.00,100.00,FALSE,0.00
Gemini,Jsoup,17,1,106,FALSE,0.00,0.00,FALSE,0.00
Gemini,Jsoup,18,1,21,TRUE,97.94,80.49,FALSE,0.00
Gemini,Jsoup,19,1,13,TRUE,94.56,71.15,TRUE,0.00
Gemini,Jsoup,2,1,13,TRUE,98.77,89.53,FALSE,0.00
Gemini,Jsoup,20,1,12,TRUE,90.91,77.27,FALSE,0.00
Gemini,Jsoup,21,1,6,TRUE,15.34,10.42,FALSE,0.00
Gemini,Jsoup,22,1,16,FALSE,0.00,0.00,FALSE,0.00
Gemini,Jsoup,23,1,19,TRUE,45.16,44.08,FALSE,0.00
Gemini,Jsoup,24,1,17,FALSE,0.00,0.00,FALSE,0.00
Gemini,Jsoup,25,1,11,FALSE,0.00,0.00,FALSE,0.00
Gemini,Jsoup,26,1,10,TRUE,100.00,100.00,FALSE,0.00
Gemini,Jsoup,27,1,10,FALSE,0.00,0.00,FALSE,0.00
Gemini,Jsoup,28,1,11,TRUE,35.44,25.00,FALSE,0.00
Gemini,Jsoup,29,1,13,TRUE,89.74,88.89,FALSE,0.00
Gemini,Jsoup,3,1,11,TRUE,76.56,47.62,FALSE,0.00
Gemini,Jsoup,30,1,10,FALSE,0.00,0.00,FALSE,0.00
Gemini,Jsoup,31,1,9,TRUE,7.44,5.13,FALSE,0.00
Gemini,Jsoup,32,1,11,TRUE,82.18,64.29,FALSE,0.00
Gemini,Jsoup,33,1,13,FALSE,0.00,0.00,FALSE,0.00
Gemini,Jsoup,34,1,26,TRUE,98.53,84.62,FALSE,0.00
Gemini,Jsoup,35,1,118,FALSE,0.00,0.00,FALSE,0.00
Gemini,Jsoup,36,1,17,TRUE,93.33,78.95,FALSE,0.00
Gemini,Jsoup,37,1,14,TRUE,86.97,58.55,FALSE,0.00
Gemini,Jsoup,38,1,9,FALSE,0.00,0.00,FALSE,0.00
Gemini,Jsoup,39,1,14,TRUE,80.00,71.74,FALSE,0.00
Gemini,Jsoup,4,1,10,FALSE,0.00,0.00,FALSE,0.00
Gemini,Jsoup,40,1,8,TRUE,100.00,83.33,FALSE,0.00
Gemini,Jsoup,41,1,28,TRUE,95.40,68.39,FALSE,0.00
Gemini,Jsoup,42,1,10,TRUE,100.00,100.00,FALSE,0.00
Gemini,Jsoup,43,1,22,TRUE,88.11,56.90,FALSE,0.00
Gemini,Jsoup,44,1,9,TRUE,100.00,100.00,FALSE,0.00
Gemini,Jsoup,45,1,19,FALSE,0.00,0.00,FALSE,0.00
Gemini,Jsoup,46,1,11,TRUE,90.68,80.39,FALSE,0.00
Gemini,Jsoup,47,1,10,TRUE,90.68,78.43,FALSE,0.00
Gemini,Jsoup,48,1,11,FALSE,0.00,0.00,FALSE,0.00
Gemini,Jsoup,49,1,11,TRUE,72.73,61.76,FALSE,0.00
Gemini,Jsoup,5,1,15,TRUE,97.67,84.78,FALSE,0.00
Gemini,Jsoup,50,1,19,FALSE,0.00,0.00,FALSE,0.00
Gemini,Jsoup,51,1,25,TRUE,96.92,84.41,FALSE,0.00
Gemini,Jsoup,52,1,17,TRUE,76.41,53.66,FALSE,0.00
Gemini,Jsoup,53,1,17,TRUE,97.69,87.04,FALSE,0.00
Gemini,Jsoup,54,1,7,FALSE,0.00,0.00,FALSE,0.00
Gemini,Jsoup,55,1,12,TRUE,12.63,0.00,FALSE,0.00
Gemini,Jsoup,56,1,10,TRUE,0.76,1.20,FALSE,0.00
Gemini,Jsoup,57,1,15,TRUE,94.49,92.11,FALSE,0.00
Gemini,Jsoup,58,1,15,TRUE,84.25,81.25,FALSE,0.00
Gemini,Jsoup,59,1,11,TRUE,92.50,70.45,FALSE,0.00
Gemini,Jsoup,6,1,12,TRUE,0.00,0.00,FALSE,0.00
Gemini,Jsoup,60,1,33,TRUE,36.44,40.70,FALSE,0.00
Gemini,Jsoup,61,1,22,TRUE,87.22,65.76,FALSE,0.00
Gemini,Jsoup,62,1,28,FALSE,0.00,0.00,FALSE,0.00
Gemini,Jsoup,63,1,18,FALSE,0.00,0.00,FALSE,0.00
Gemini,Jsoup,64,1,10,FALSE,0.00,0.00,FALSE,0.00
Gemini,Jsoup,65,1,14,FALSE,0.00,0.00,FALSE,0.00
Gemini,Jsoup,66,1,21,TRUE,78.46,65.69,FALSE,0.00
Gemini,Jsoup,67,1,22,FALSE,0.00,0.00,FALSE,0.00
Gemini,Jsoup,68,1,19,FALSE,0.00,0.00,FALSE,0.00
Gemini,Jsoup,69,1,9,TRUE,100.00,100.00,FALSE,0.00
Gemini,Jsoup,7,1,11,TRUE,100.00,84.62,FALSE,0.00
Gemini,Jsoup,70,1,19,TRUE,72.59,54.85,FALSE,0.00
Gemini,Jsoup,71,1,21,FALSE,0.00,0.00,FALSE,0.00
Gemini,Jsoup,72,1,16,TRUE,67.98,46.97,FALSE,0.00
Gemini,Jsoup,73,1,4,TRUE,94.37,89.29,FALSE,0.00
Gemini,Jsoup,74,1,15,TRUE,85.54,93.24,FALSE,0.00
Gemini,Jsoup,75,1,16,TRUE,97.02,80.95,FALSE,0.00
Gemini,Jsoup,76,1,39,FALSE,0.00,0.00,FALSE,0.00
Gemini,Jsoup,77,1,16,FALSE,0.00,0.00,FALSE,0.00
Gemini,Jsoup,78,1,18,TRUE,87.16,50.00,FALSE,0.00
Gemini,Jsoup,79,1,8,FALSE,0.00,0.00,FALSE,0.00
Gemini,Jsoup,8,1,12,TRUE,62.59,52.50,FALSE,0.00
Gemini,Jsoup,80,1,14,FALSE,0.00,0.00,FALSE,0.00
Gemini,Jsoup,81,1,18,TRUE,90.60,58.51,FALSE,0.00
Gemini,Jsoup,82,1,14,TRUE,86.73,59.38,FALSE,0.00
Gemini,Jsoup,83,1,22,TRUE,14.29,24.20,FALSE,0.00
Gemini,Jsoup,84,1,5,TRUE,94.74,92.86,FALSE,0.00
Gemini,Jsoup,85,1,13,TRUE,92.31,68.00,FALSE,0.00
Gemini,Jsoup,86,1,10,FALSE,0.00,0.00,FALSE,0.00
Gemini,Jsoup,87,1,17,TRUE,29.21,14.14,FALSE,0.00
Gemini,Jsoup,88,1,12,TRUE,92.42,72.00,FALSE,0.00
Gemini,Jsoup,89,1,17,FALSE,0.00,0.00,FALSE,0.00
Gemini,Jsoup,9,1,11,TRUE,0.00,0.00,FALSE,0.00
Gemini,Jsoup,90,1,24,FALSE,0.00,0.00,FALSE,0.00
Gemini,Jsoup,91,1,4,FALSE,1.20,0.00,FALSE,0.00
Gemini,Jsoup,92,1,15,FALSE,0.00,0.00,FALSE,0.00
Gemini,Jsoup,93,1,8,TRUE,95.24,96.43,FALSE,0.00
Gemini,JxPath,1,1,19,FALSE,0.00,0.00,FALSE,0.00
Gemini,JxPath,10,1,7,FALSE,0.00,0.00,FALSE,0.00
Gemini,JxPath,11,1,0,TRUE,0.00,0.00,FALSE,0.00
Gemini,JxPath,12,1,0,FALSE,0.00,0.00,FALSE,0.00
Gemini,JxPath,13,1,0,FALSE,0.00,0.00,FALSE,0.00
Gemini,JxPath,14,1,0,FALSE,0.00,0.00,FALSE,0.00
Gemini,JxPath,15,1,4,FALSE,0.00,0.00,FALSE,0.00
Gemini,JxPath,16,1,8,FALSE,0.00,0.00,FALSE,0.00
Gemini,JxPath,17,1,0,FALSE,0.00,0.00,FALSE,0.00
Gemini,JxPath,18,1,5,TRUE,72.41,42.86,FALSE,0.00
Gemini,JxPath,19,1,0,FALSE,0.00,0.00,FALSE,0.00
Gemini,JxPath,2,1,0,FALSE,0.00,0.00,FALSE,0.00
Gemini,JxPath,20,1,0,FALSE,0.00,0.00,FALSE,0.00
Gemini,JxPath,21,1,0,FALSE,0.00,0.00,FALSE,0.00
Gemini,JxPath,22,1,0,FALSE,0.00,0.00,FALSE,0.00
Gemini,JxPath,3,1,0,TRUE,79.22,65.38,FALSE,0.00
Gemini,JxPath,4,1,0,TRUE,0.00,0.00,FALSE,0.00
Gemini,JxPath,5,1,0,FALSE,0.00,0.00,FALSE,0.00
Gemini,JxPath,6,1,0,FALSE,0.00,0.00,FALSE,0.00
Gemini,JxPath,7,1,0,TRUE,28.57,25.00,FALSE,0.00
Gemini,JxPath,8,1,8,FALSE,0.00,0.00,FALSE,0.00
Gemini,JxPath,9,1,7,FALSE,0.00,0.00,FALSE,0.00
Gemini,Lang,1,1,60,TRUE,87.73,73.96,FALSE,0.00
Gemini,Lang,10,1,13,TRUE,88.17,81.10,FALSE,0.00
Gemini,Lang,11,1,18,TRUE,85.71,79.63,FALSE,0.00
Gemini,Lang,12,1,16,TRUE,96.15,95.83,FALSE,0.00
Gemini,Lang,13,1,11,FALSE,0.00,0.00,FALSE,0.00
Gemini,Lang,14,1,59,FALSE,0.00,0.00,FALSE,0.00
Gemini,Lang,15,1,10,TRUE,24.08,22.54,FALSE,0.00
Gemini,Lang,16,1,59,TRUE,87.47,70.11,FALSE,0.00
Gemini,Lang,17,1,10,TRUE,93.94,100.00,FALSE,0.00
Gemini,Lang,19,1,9,TRUE,100.00,94.44,FALSE,0.00
Gemini,Lang,20,1,42,FALSE,0.00,0.00,FALSE,0.00
Gemini,Lang,21,1,53,TRUE,92.79,84.86,FALSE,0.00
Gemini,Lang,22,1,18,TRUE,90.29,79.26,FALSE,0.00
Gemini,Lang,23,1,18,TRUE,77.25,56.57,FALSE,0.00
Gemini,Lang,24,1,36,TRUE,94.68,82.30,FALSE,0.00
Gemini,Lang,26,1,24,TRUE,92.69,79.39,FALSE,0.00
Gemini,Lang,27,1,36,TRUE,81.28,69.89,FALSE,0.00
Gemini,Lang,28,1,8,FALSE,0.00,0.00,FALSE,0.00
Gemini,Lang,29,1,14,TRUE,93.62,80.00,FALSE,0.00
Gemini,Lang,3,1,20,TRUE,80.70,58.38,FALSE,0.00
Gemini,Lang,30,1,56,FALSE,0.00,0.00,FALSE,0.00
Gemini,Lang,31,1,71,FALSE,0.00,0.00,FALSE,0.00
Gemini,Lang,32,1,31,TRUE,86.30,77.91,FALSE,0.00
Gemini,Lang,33,1,24,FALSE,0.00,0.00,FALSE,0.00
Gemini,Lang,34,1,8,TRUE,88.35,67.59,FALSE,0.00
Gemini,Lang,35,1,33,FALSE,0.00,0.00,FALSE,0.00
Gemini,Lang,36,1,45,TRUE,92.16,78.78,FALSE,0.00
Gemini,Lang,37,1,27,TRUE,84.75,75.00,FALSE,0.00
Gemini,Lang,38,1,23,TRUE,92.03,78.51,FALSE,0.00
Gemini,Lang,39,1,68,TRUE,84.10,84.38,FALSE,0.00
Gemini,Lang,4,1,9,TRUE,100.00,100.00,FALSE,0.00
Gemini,Lang,40,1,52,FALSE,0.00,0.00,FALSE,0.00
Gemini,Lang,41,1,23,FALSE,0.00,0.00,FALSE,0.00
Gemini,Lang,42,1,0,FALSE,0.00,0.00,FALSE,0.00
Gemini,Lang,43,1,0,FALSE,0.00,0.00,FALSE,0.00
Gemini,Lang,44,1,0,TRUE,90.00,74.07,FALSE,0.00
Gemini,Lang,45,1,0,TRUE,91.30,91.18,FALSE,0.00
Gemini,Lang,46,1,0,FALSE,0.00,0.00,FALSE,0.00
Gemini,Lang,47,1,18,FALSE,0.00,0.00,FALSE,0.00
Gemini,Lang,49,1,0,FALSE,0.00,0.00,FALSE,0.00
Gemini,Lang,5,1,14,TRUE,100.00,98.21,FALSE,0.00
Gemini,Lang,50,1,0,TRUE,91.22,78.45,FALSE,0.00
Gemini,Lang,51,1,33,FALSE,0.00,0.00,FALSE,0.00
Gemini,Lang,52,1,26,TRUE,74.86,82.14,FALSE,0.00
Gemini,Lang,53,1,12,TRUE,96.31,87.43,FALSE,0.00
Gemini,Lang,54,1,0,TRUE,100.00,90.62,FALSE,0.00
Gemini,Lang,55,1,0,TRUE,98.25,92.31,FALSE,0.00
Gemini,Lang,56,1,18,TRUE,89.22,71.98,FALSE,0.00
Gemini,Lang,57,1,24,TRUE,100.00,93.75,FALSE,0.00
Gemini,Lang,58,1,17,TRUE,89.66,82.14,FALSE,0.00
Gemini,Lang,59,1,24,FALSE,0.00,0.00,FALSE,0.00
Gemini,Lang,6,1,9,TRUE,93.33,100.00,FALSE,0.00
Gemini,Lang,60,1,22,TRUE,87.04,69.83,FALSE,0.00
Gemini,Lang,61,1,19,FALSE,0.00,0.00,FALSE,0.00
Gemini,Lang,62,1,12,TRUE,96.27,96.67,FALSE,0.00
Gemini,Lang,63,1,0,TRUE,88.49,85.93,FALSE,0.00
Gemini,Lang,64,1,0,TRUE,100.00,87.50,FALSE,0.00
Gemini,Lang,65,1,11,TRUE,96.41,88.59,FALSE,0.00
Gemini,Lang,7,1,20,TRUE,73.68,56.01,FALSE,0.00
Gemini,Lang,8,1,16,TRUE,93.47,84.67,FALSE,0.00
Gemini,Lang,9,1,17,TRUE,90.11,84.55,FALSE,0.00
Gemini,Math,1,1,38,TRUE,53.65,47.92,FALSE,0.00
Gemini,Math,10,1,24,FALSE,0.00,0.00,FALSE,0.00
Gemini,Math,100,1,0,FALSE,0.00,0.00,FALSE,0.00
Gemini,Math,101,1,32,TRUE,100.00,98.08,FALSE,0.00
Gemini,Math,102,1,26,TRUE,99.10,87.21,FALSE,0.00
Gemini,Math,103,1,14,TRUE,100.00,100.00,FALSE,0.00
Gemini,Math,104,1,0,TRUE,93.62,92.50,FALSE,0.00
Gemini,Math,105,1,0,TRUE,100.00,100.00,FALSE,0.00
Gemini,Math,106,1,0,TRUE,98.25,93.33,FALSE,0.00
Gemini,Math,11,1,9,TRUE,100.00,100.00,FALSE,0.00
Gemini,Math,12,1,13,TRUE,100.00,92.86,FALSE,0.00
Gemini,Math,13,1,6,FALSE,0.00,0.00,FALSE,0.00
Gemini,Math,14,1,3,FALSE,0.00,0.00,FALSE,0.00
Gemini,Math,15,1,38,FALSE,0.00,0.00,FALSE,0.00
Gemini,Math,16,1,37,TRUE,77.22,61.90,FALSE,0.00
Gemini,Math,17,1,10,TRUE,70.55,61.38,FALSE,0.00
Gemini,Math,18,1,13,TRUE,91.76,80.80,FALSE,0.00
Gemini,Math,19,1,11,TRUE,90.62,78.68,FALSE,0.00
Gemini,Math,2,1,10,TRUE,100.00,100.00,FALSE,0.00
Gemini,Math,20,1,12,FALSE,0.00,0.00,FALSE,0.00
Gemini,Math,21,1,5,TRUE,100.00,100.00,FALSE,0.00
Gemini,Math,22,1,10,TRUE,61.63,54.55,FALSE,0.00
Gemini,Math,23,1,9,FALSE,0.00,0.00,FALSE,0.00
Gemini,Math,24,1,8,TRUE,94.17,82.43,FALSE,0.00
Gemini,Math,25,1,6,TRUE,84.04,64.29,FALSE,0.00
Gemini,Math,26,1,29,FALSE,0.00,0.00,FALSE,0.00
Gemini,Math,27,1,29,TRUE,95.63,88.30,FALSE,0.00
Gemini,Math,28,1,5,TRUE,74.68,54.17,FALSE,0.00
Gemini,Math,29,1,15,TRUE,89.72,85.82,FALSE,0.00
Gemini,Math,3,1,42,FALSE,0.00,0.00,FALSE,0.00
Gemini,Math,30,1,10,TRUE,100.00,100.00,FALSE,0.00
Gemini,Math,31,1,8,TRUE,98.31,80.00,FALSE,0.00
Gemini,Math,32,1,8,FALSE,0.00,0.00,FALSE,0.00
Gemini,Math,33,1,6,TRUE,82.70,72.58,FALSE,0.00
Gemini,Math,34,1,20,FALSE,0.00,0.00,FALSE,0.00
Gemini,Math,35,1,6,FALSE,0.00,0.00,FALSE,0.00
Gemini,Math,36,1,41,TRUE,93.91,85.87,FALSE,0.00
Gemini,Math,37,1,16,TRUE,96.36,84.81,FALSE,0.00
Gemini,Math,38,1,6,TRUE,14.00,10.42,TRUE,0.00
Gemini,Math,39,1,3,TRUE,75.70,45.83,FALSE,0.00
Gemini,Math,4,1,6,TRUE,29.76,18.18,TRUE,0.00
Gemini,Math,40,1,15,TRUE,81.75,66.67,FALSE,0.00
Gemini,Math,41,1,11,TRUE,94.64,76.09,FALSE,0.00
Gemini,Math,42,1,7,TRUE,92.35,82.50,FALSE,0.00
Gemini,Math,43,1,20,TRUE,84.38,65.52,FALSE,0.00
Gemini,Math,44,1,8,FALSE,0.00,0.00,FALSE,0.00
Gemini,Math,45,1,9,TRUE,100.00,100.00,FALSE,0.00
Gemini,Math,46,1,15,TRUE,98.51,88.51,FALSE,0.00
Gemini,Math,47,1,16,TRUE,99.00,87.32,FALSE,0.00
Gemini,Math,48,1,5,TRUE,84.93,60.87,FALSE,0.00
Gemini,Math,49,1,15,FALSE,0.00,0.00,FALSE,0.00
Gemini,Math,5,1,18,TRUE,96.90,86.47,FALSE,0.00
Gemini,Math,50,1,5,TRUE,77.33,41.67,FALSE,0.00
Gemini,Math,51,1,6,TRUE,85.92,55.56,FALSE,0.00
Gemini,Math,52,1,21,TRUE,90.19,70.49,FALSE,0.00
Gemini,Math,53,1,15,TRUE,98.82,93.86,FALSE,0.00
Gemini,Math,54,1,5,FALSE,0.00,0.00,FALSE,0.00
Gemini,Math,55,1,9,TRUE,94.83,62.50,FALSE,0.00
Gemini,Math,56,1,12,TRUE,97.33,94.12,FALSE,0.00
Gemini,Math,57,1,6,FALSE,0.00,0.00,FALSE,0.00
Gemini,Math,58,1,8,FALSE,0.00,0.00,FALSE,0.00
Gemini,Math,59,1,26,FALSE,0.00,0.00,FALSE,0.00
Gemini,Math,6,1,7,TRUE,2.49,0.85,FALSE,0.00
Gemini,Math,60,1,14,TRUE,87.23,77.78,FALSE,0.00
Gemini,Math,61,1,7,TRUE,100.00,100.00,FALSE,0.00
Gemini,Math,62,1,6,TRUE,100.00,94.44,FALSE,0.00
Gemini,Math,63,1,36,TRUE,83.01,78.91,FALSE,0.00
Gemini,Math,64,1,5,FALSE,0.00,0.00,FALSE,0.00
Gemini,Math,65,1,8,TRUE,93.75,90.00,FALSE,0.00
Gemini,Math,66,1,10,TRUE,98.04,89.66,FALSE,0.00
Gemini,Math,67,1,8,TRUE,93.55,94.12,FALSE,0.00
Gemini,Math,68,1,1,TRUE,4.52,0.00,FALSE,0.00
Gemini,Math,69,1,15,TRUE,100.00,96.67,FALSE,0.00
Gemini,Math,7,1,10,TRUE,39.23,20.00,FALSE,0.00
Gemini,Math,70,1,6,TRUE,100.00,100.00,FALSE,0.00
Gemini,Math,71,1,3,FALSE,0.00,0.00,FALSE,0.00
Gemini,Math,72,1,11,TRUE,94.39,88.89,TRUE,0.00
Gemini,Math,73,1,17,TRUE,90.38,82.69,FALSE,0.00
Gemini,Math,74,1,0,TRUE,91.80,75.93,FALSE,0.00
Gemini,Math,75,1,15,FALSE,0.00,0.00,FALSE,0.00
Gemini,Math,76,1,6,FALSE,0.00,0.00,FALSE,0.00
Gemini,Math,77,1,18,TRUE,41.43,41.72,FALSE,0.00
Gemini,Math,78,1,6,FALSE,0.00,0.00,FALSE,0.00
Gemini,Math,79,1,46,TRUE,85.00,84.06,FALSE,0.00
Gemini,Math,8,1,9,FALSE,97.50,95.83,FALSE,0.00
Gemini,Math,80,1,8,TRUE,37.78,25.12,FALSE,0.00
Gemini,Math,81,1,12,FALSE,0.00,0.00,FALSE,0.00
Gemini,Math,82,1,6,TRUE,95.00,91.67,FALSE,0.00
Gemini,Math,83,1,7,TRUE,7.10,7.61,FALSE,0.00
Gemini,Math,84,1,5,FALSE,0.00,0.00,FALSE,0.00
Gemini,Math,85,1,13,TRUE,94.74,86.36,FALSE,0.00
Gemini,Math,86,1,5,FALSE,0.00,0.00,FALSE,0.00
Gemini,Math,87,1,9,FALSE,0.00,0.00,FALSE,0.00
Gemini,Math,88,1,6,TRUE,7.24,6.38,FALSE,0.00
Gemini,Math,89,1,12,TRUE,94.44,87.50,FALSE,0.00
Gemini,Math,9,1,12,TRUE,97.83,93.75,FALSE,0.00
Gemini,Math,90,1,12,TRUE,98.11,93.75,FALSE,0.00
Gemini,Math,91,1,0,TRUE,94.48,87.78,FALSE,0.00
Gemini,Math,92,1,38,TRUE,94.37,94.17,FALSE,0.00
Gemini,Math,93,1,38,TRUE,79.65,83.87,FALSE,0.00
Gemini,Math,94,1,39,TRUE,80.89,85.58,FALSE,0.00
Gemini,Math,95,1,0,TRUE,100.00,100.00,TRUE,0.00
Gemini,Math,96,1,20,TRUE,97.18,89.22,FALSE,0.00
Gemini,Math,97,1,14,TRUE,95.51,86.96,FALSE,0.00
Gemini,Math,98,1,0,FALSE,0.00,0.00,FALSE,0.00
Gemini,Math,99,1,33,FALSE,0.00,0.00,FALSE,0.00
Gemini,Mockito,1,1,9,FALSE,0.00,0.00,FALSE,0.00
Gemini,Mockito,10,1,5,FALSE,0.00,0.00,FALSE,0.00
Gemini,Mockito,11,1,3,TRUE,92.86,33.33,FALSE,0.00
Gemini,Mockito,12,1,6,TRUE,100.00,75.00,TRUE,0.00
Gemini,Mockito,13,1,5,TRUE,42.50,0.00,FALSE,0.00
Gemini,Mockito,14,1,5,TRUE,16.04,0.00,FALSE,0.00
Gemini,Mockito,15,1,4,TRUE,100.00,100.00,FALSE,0.00
Gemini,Mockito,16,1,8,FALSE,0.00,0.00,FALSE,0.00
Gemini,Mockito,17,1,11,TRUE,39.34,40.62,FALSE,0.00
Gemini,Mockito,18,1,4,TRUE,77.27,78.95,FALSE,0.00
Gemini,Mockito,19,1,4,FALSE,18.92,11.54,FALSE,0.00
Gemini,Mockito,2,1,6,TRUE,100.00,50.00,FALSE,0.00
Gemini,Mockito,20,1,4,FALSE,0.00,0.00,FALSE,0.00
Gemini,Mockito,21,1,4,TRUE,100.00,100.00,FALSE,0.00
Gemini,Mockito,22,1,17,TRUE,92.31,100.00,FALSE,0.00
Gemini,Mockito,23,1,2,TRUE,15.15,0.00,FALSE,0.00
Gemini,Mockito,24,1,3,TRUE,77.27,83.33,FALSE,0.00
Gemini,Mockito,25,1,2,TRUE,17.39,0.00,FALSE,0.00
Gemini,Mockito,26,1,6,TRUE,97.22,100.00,FALSE,0.00
Gemini,Mockito,27,1,7,TRUE,33.33,36.36,FALSE,0.00
Gemini,Mockito,28,1,4,TRUE,90.00,90.00,FALSE,0.00
Gemini,Mockito,29,1,5,TRUE,100.00,100.00,FALSE,0.00
Gemini,Mockito,3,1,3,FALSE,0.00,0.00,FALSE,0.00
Gemini,Mockito,30,1,48,FALSE,75.89,50.00,FALSE,0.00
Gemini,Mockito,31,1,4,TRUE,94.74,100.00,FALSE,0.00
Gemini,Mockito,32,1,5,TRUE,91.30,100.00,FALSE,0.00
Gemini,Mockito,33,1,8,FALSE,0.00,0.00,FALSE,0.00
Gemini,Mockito,34,1,4,FALSE,0.00,0.00,FALSE,0.00
Gemini,Mockito,35,1,9,FALSE,0.00,0.00,FALSE,0.00
Gemini,Mockito,36,1,14,FALSE,0.00,0.00,FALSE,0.00
Gemini,Mockito,37,1,6,TRUE,59.26,42.31,FALSE,0.00
Gemini,Mockito,38,1,9,FALSE,0.00,0.00,FALSE,0.00
Gemini,Mockito,4,1,58,FALSE,0.00,0.00,FALSE,0.00
Gemini,Mockito,5,1,7,FALSE,0.00,0.00,FALSE,0.00
Gemini,Mockito,6,1,10,TRUE,87.27,0.00,FALSE,0.00
Gemini,Mockito,7,1,9,FALSE,0.00,0.00,FALSE,0.00
Gemini,Mockito,8,1,9,TRUE,70.52,55.00,FALSE,0.00
Gemini,Mockito,9,1,3,TRUE,100.00,0.00,FALSE,0.00
Gemini,Time,1,1,0,FALSE,0.00,0.00,FALSE,0.00
Gemini,Time,10,1,21,FALSE,0.00,0.00,FALSE,0.00
Gemini,Time,11,1,15,FALSE,0.00,0.00,FALSE,0.00
Gemini,Time,12,1,15,FALSE,0.00,0.00,FALSE,0.00
Gemini,Time,13,1,24,TRUE,66.37,50.00,FALSE,0.00
Gemini,Time,14,1,0,FALSE,0.00,0.00,FALSE,0.00
Gemini,Time,15,1,0,FALSE,0.00,0.00,FALSE,0.00
Gemini,Time,16,1,0,FALSE,0.00,0.00,FALSE,0.00
Gemini,Time,17,1,14,TRUE,74.64,57.41,FALSE,0.00
Gemini,Time,18,1,20,FALSE,0.00,0.00,FALSE,0.00
Gemini,Time,19,1,16,FALSE,0.00,0.00,FALSE,0.00
Gemini,Time,2,1,0,FALSE,0.00,0.00,FALSE,0.00
Gemini,Time,20,1,13,TRUE,31.66,22.07,FALSE,0.00
Gemini,Time,22,1,26,FALSE,0.00,0.00,FALSE,0.00
Gemini,Time,23,1,23,FALSE,0.00,0.00,FALSE,0.00
Gemini,Time,24,1,0,TRUE,97.92,78.12,FALSE,0.00
Gemini,Time,25,1,24,TRUE,74.09,56.58,FALSE,0.00
Gemini,Time,26,1,17,FALSE,0.00,0.00,FALSE,0.00
Gemini,Time,27,1,0,FALSE,0.00,0.00,FALSE,0.00
Gemini,Time,3,1,12,FALSE,0.00,0.00,FALSE,0.00
Gemini,Time,4,1,34,FALSE,0.00,0.00,FALSE,0.00
Gemini,Time,5,1,9,FALSE,0.00,0.00,FALSE,0.00
Gemini,Time,6,1,17,FALSE,0.00,0.00,FALSE,0.00
Gemini,Time,7,1,0,FALSE,0.00,0.00,FALSE,0.00
Gemini,Time,8,1,16,TRUE,76.90,56.74,FALSE,0.00
Gemini,Time,9,1,32,FALSE,0.00,0.00,FALSE,0.00
