algorithm,project,selected_unique_bugs,evaluated_unique_bugs,detected_unique_bugs,unknown_outcome_bugs,fault_detection_rate,complete_runs,coverage_tools,mixed_coverage_tools,mean_test_coverage_ratio,mean_line_coverage_ratio,mean_branch_coverage_ratio,mean_generation_seconds,mean_total_seconds
DE,Chart,26,26,14,0,0.5384615384615384,26,Defects4J/Cobertura:26,False,0.8868883881846443,0.6338267967517945,0.4607273772740934,396.0495769230769,503.43261538461536
DE,Cli,39,30,7,9,0.23333333333333334,30,Defects4J/Cobertura:30,False,0.8579640787643837,0.6300332774493416,0.5090116217101436,363.45070000000004,422.2867
DE,Closure,174,82,5,92,0.06097560975609756,82,Defects4J/Cobertura:82,False,0.3583489152029169,0.20885394171653177,0.13835974670842124,454.17165853658537,578.3851463414635
DE,Codec,18,18,5,0,0.2777777777777778,18,Defects4J/Cobertura:18,False,0.9522944002110668,0.8077488067905438,0.7283809930456472,172.72400000000002,240.31022222222222
DE,Collections,28,27,3,1,0.1111111111111111,27,Defects4J/Cobertura:27,False,0.758185908600224,0.5363175417319478,0.5266812209457981,169.34388888888887,264.24003703703704
DE,Compress,47,46,9,1,0.1956521739130435,46,Defects4J/Cobertura:46,False,0.7289241785273587,0.41435367552069186,0.3385730912918311,123.31495652173913,202.49889130434784
DE,Csv,16,11,2,5,0.18181818181818182,11,Defects4J/Cobertura:11,False,0.5760907527879028,0.348183266009018,0.18702936746086296,59.94863636363637,123.20172727272728
DE,Gson,18,17,1,1,0.058823529411764705,17,Defects4J/Cobertura:17,False,0.6808533470047445,0.30038022823992955,0.18785714169792161,144.63276470588235,218.82635294117648
DE,JacksonCore,26,24,2,2,0.08333333333333333,24,Defects4J/Cobertura:24,False,0.5177569554187088,0.31293495910080205,0.21188351993561302,259.32175,336.1759583333333
DE,JacksonDatabind,110,89,4,21,0.0449438202247191,89,Defects4J/Cobertura:89,False,0.5695527328132928,0.30509759903125316,0.1708983041158776,376.84550561797755,487.35704494382026
DE,JacksonXml,6,5,1,1,0.2,5,Defects4J/Cobertura:5,False,0.8076340326340328,0.44588066582565233,0.3589779198434958,172.905,248.15900000000002
DE,Jsoup,93,90,9,3,0.1,90,Defects4J/Cobertura:87;JaCoCo:3,True,,,,306.9284333333334,381.74654444444445
DE,JxPath,22,19,1,3,0.05263157894736842,19,Defects4J/Cobertura:19,False,0.6998986257860187,0.3195002120567101,0.17204662487987366,190.69652631578947,265.77084210526317
DE,Lang,61,60,8,1,0.13333333333333333,60,Defects4J/Cobertura:60,False,0.8548468187423222,0.7044169129103311,0.6112697919040971,385.92768333333333,491.46565
DE,Math,106,96,17,10,0.17708333333333334,96,Defects4J/Cobertura:96,False,0.703436318126244,0.5323543534195242,0.43002005375057895,440.2405833333333,599.0528020833333
DE,Mockito,38,36,2,2,0.05555555555555555,36,Defects4J/Cobertura:36,False,0.7039888005527906,0.48010284490251615,0.29400208346716106,141.88266666666667,469.14475
DE,Time,26,25,5,1,0.2,25,Defects4J/Cobertura:25,False,0.8005726471941391,0.5312651285364722,0.38974967568251256,483.89383999999995,620.94668
